Fecha;Tasa de política monetaria(Dato diario);Índice de Precios al Consumidor (IPC)(Dato fin de mes);;
dd/mm/aaaa;%;índice;;
13/02/1998;27,00;-;;
14/02/1998;27,00;-;;
15/02/1998;27,00;-;;
16/02/1998;30,00;-;;
17/02/1998;30,00;-;;
18/02/1998;30,00;-;;
19/02/1998;30,00;-;;
20/02/1998;30,00;-;;
21/02/1998;30,00;-;;
22/02/1998;30,00;-;;
23/02/1998;30,00;-;;
24/02/1998;30,00;-;;
25/02/1998;30,00;-;;
26/02/1998;30,00;-;;
27/02/1998;30,00;-;;
28/02/1998;30,00;32,81;;
01/03/1998;30,00;-;;
02/03/1998;30,00;-;;
03/03/1998;30,00;-;;
04/03/1998;30,00;-;;
05/03/1998;30,00;-;;
06/03/1998;30,00;-;;
07/03/1998;30,00;-;;
08/03/1998;30,00;-;;
09/03/1998;30,00;-;;
10/03/1998;30,00;-;;
11/03/1998;30,00;-;;
12/03/1998;30,00;-;;
13/03/1998;30,00;-;;
14/03/1998;30,00;-;;
15/03/1998;30,00;-;;
16/03/1998;30,00;-;;
17/03/1998;30,00;-;;
18/03/1998;30,00;-;;
19/03/1998;30,00;-;;
20/03/1998;30,00;-;;
21/03/1998;30,00;-;;
22/03/1998;30,00;-;;
23/03/1998;30,00;-;;
24/03/1998;30,00;-;;
25/03/1998;30,00;-;;
26/03/1998;30,00;-;;
27/03/1998;30,00;-;;
28/03/1998;30,00;-;;
29/03/1998;30,00;-;;
30/03/1998;30,00;-;;
31/03/1998;30,00;33,67;;
01/04/1998;30,00;-;;
02/04/1998;30,00;-;;
03/04/1998;30,00;-;;
04/04/1998;30,00;-;;
05/04/1998;30,00;-;;
06/04/1998;30,00;-;;
07/04/1998;30,00;-;;
08/04/1998;30,00;-;;
09/04/1998;30,00;-;;
10/04/1998;30,00;-;;
11/04/1998;30,00;-;;
12/04/1998;30,00;-;;
13/04/1998;30,00;-;;
14/04/1998;30,00;-;;
15/04/1998;30,00;-;;
16/04/1998;30,00;-;;
17/04/1998;30,00;-;;
18/04/1998;30,00;-;;
19/04/1998;30,00;-;;
20/04/1998;30,00;-;;
21/04/1998;30,00;-;;
22/04/1998;30,00;-;;
23/04/1998;30,00;-;;
24/04/1998;30,00;-;;
25/04/1998;30,00;-;;
26/04/1998;30,00;-;;
27/04/1998;30,00;-;;
28/04/1998;30,00;-;;
29/04/1998;30,00;-;;
30/04/1998;30,00;34,65;;
01/05/1998;30,00;-;;
02/05/1998;30,00;-;;
03/05/1998;30,00;-;;
04/05/1998;30,00;-;;
05/05/1998;30,00;-;;
06/05/1998;30,00;-;;
07/05/1998;30,00;-;;
08/05/1998;30,00;-;;
09/05/1998;30,00;-;;
10/05/1998;30,00;-;;
11/05/1998;30,00;-;;
12/05/1998;30,00;-;;
13/05/1998;30,00;-;;
14/05/1998;30,00;-;;
15/05/1998;30,00;-;;
16/05/1998;30,00;-;;
17/05/1998;30,00;-;;
18/05/1998;30,00;-;;
19/05/1998;30,00;-;;
20/05/1998;30,00;-;;
21/05/1998;30,00;-;;
22/05/1998;30,00;-;;
23/05/1998;30,00;-;;
24/05/1998;30,00;-;;
25/05/1998;30,00;-;;
26/05/1998;30,00;-;;
27/05/1998;30,00;-;;
28/05/1998;32,00;-;;
29/05/1998;32,00;-;;
30/05/1998;32,00;-;;
31/05/1998;32,00;35,19;;
01/06/1998;32,00;-;;
02/06/1998;32,00;-;;
03/06/1998;32,00;-;;
04/06/1998;32,00;-;;
05/06/1998;32,00;-;;
06/06/1998;32,00;-;;
07/06/1998;32,00;-;;
08/06/1998;32,00;-;;
09/06/1998;32,00;-;;
10/06/1998;32,00;-;;
11/06/1998;32,00;-;;
12/06/1998;32,00;-;;
13/06/1998;32,00;-;;
14/06/1998;32,00;-;;
15/06/1998;32,00;-;;
16/06/1998;32,00;-;;
17/06/1998;32,00;-;;
18/06/1998;32,00;-;;
19/06/1998;32,00;-;;
20/06/1998;32,00;-;;
21/06/1998;32,00;-;;
22/06/1998;32,00;-;;
23/06/1998;32,00;-;;
24/06/1998;32,00;-;;
25/06/1998;32,00;-;;
26/06/1998;32,00;-;;
27/06/1998;32,00;-;;
28/06/1998;32,00;-;;
29/06/1998;32,00;-;;
30/06/1998;32,00;35,62;;
01/07/1998;32,00;-;;
02/07/1998;32,00;-;;
03/07/1998;32,00;-;;
04/07/1998;32,00;-;;
05/07/1998;32,00;-;;
06/07/1998;32,00;-;;
07/07/1998;32,00;-;;
08/07/1998;32,00;-;;
09/07/1998;32,00;-;;
10/07/1998;32,00;-;;
11/07/1998;32,00;-;;
12/07/1998;32,00;-;;
13/07/1998;32,00;-;;
14/07/1998;32,00;-;;
15/07/1998;32,00;-;;
16/07/1998;32,00;-;;
17/07/1998;32,00;-;;
18/07/1998;32,00;-;;
19/07/1998;32,00;-;;
20/07/1998;32,00;-;;
21/07/1998;32,00;-;;
22/07/1998;32,00;-;;
23/07/1998;32,00;-;;
24/07/1998;32,00;-;;
25/07/1998;32,00;-;;
26/07/1998;32,00;-;;
27/07/1998;32,00;-;;
28/07/1998;32,00;-;;
29/07/1998;32,00;-;;
30/07/1998;32,00;-;;
31/07/1998;32,00;35,79;;
01/08/1998;32,00;-;;
02/08/1998;32,00;-;;
03/08/1998;32,00;-;;
04/08/1998;32,00;-;;
05/08/1998;32,00;-;;
06/08/1998;32,00;-;;
07/08/1998;32,00;-;;
08/08/1998;32,00;-;;
09/08/1998;32,00;-;;
10/08/1998;32,00;-;;
11/08/1998;32,00;-;;
12/08/1998;32,00;-;;
13/08/1998;32,00;-;;
14/08/1998;32,00;-;;
15/08/1998;32,00;-;;
16/08/1998;32,00;-;;
17/08/1998;32,00;-;;
18/08/1998;32,00;-;;
19/08/1998;32,00;-;;
20/08/1998;32,00;-;;
21/08/1998;32,00;-;;
22/08/1998;32,00;-;;
23/08/1998;32,00;-;;
24/08/1998;32,00;-;;
25/08/1998;32,00;-;;
26/08/1998;32,00;-;;
27/08/1998;32,00;-;;
28/08/1998;32,00;-;;
29/08/1998;32,00;-;;
30/08/1998;32,00;-;;
31/08/1998;32,00;35,80;;
01/09/1998;32,00;-;;
02/09/1998;32,00;-;;
03/09/1998;32,00;-;;
04/09/1998;32,00;-;;
05/09/1998;32,00;-;;
06/09/1998;32,00;-;;
07/09/1998;32,00;-;;
08/09/1998;32,00;-;;
09/09/1998;32,00;-;;
10/09/1998;32,00;-;;
11/09/1998;32,00;-;;
12/09/1998;32,00;-;;
13/09/1998;32,00;-;;
14/09/1998;32,00;-;;
15/09/1998;32,00;-;;
16/09/1998;32,00;-;;
17/09/1998;32,00;-;;
18/09/1998;32,00;-;;
19/09/1998;32,00;-;;
20/09/1998;32,00;-;;
21/09/1998;32,00;-;;
22/09/1998;32,00;-;;
23/09/1998;32,00;-;;
24/09/1998;32,00;-;;
25/09/1998;32,00;-;;
26/09/1998;32,00;-;;
27/09/1998;32,00;-;;
28/09/1998;32,00;-;;
29/09/1998;32,00;-;;
30/09/1998;32,00;35,90;;
01/10/1998;32,00;-;;
02/10/1998;32,00;-;;
03/10/1998;32,00;-;;
04/10/1998;32,00;-;;
05/10/1998;32,00;-;;
06/10/1998;32,00;-;;
07/10/1998;32,00;-;;
08/10/1998;32,00;-;;
09/10/1998;32,00;-;;
10/10/1998;32,00;-;;
11/10/1998;32,00;-;;
12/10/1998;32,00;-;;
13/10/1998;32,00;-;;
14/10/1998;32,00;-;;
15/10/1998;32,00;-;;
16/10/1998;32,00;-;;
17/10/1998;32,00;-;;
18/10/1998;32,00;-;;
19/10/1998;32,00;-;;
20/10/1998;32,00;-;;
21/10/1998;32,00;-;;
22/10/1998;32,00;-;;
23/10/1998;32,00;-;;
24/10/1998;32,00;-;;
25/10/1998;32,00;-;;
26/10/1998;32,00;-;;
27/10/1998;32,00;-;;
28/10/1998;32,00;-;;
29/10/1998;32,00;-;;
30/10/1998;32,00;-;;
31/10/1998;32,00;36,03;;
01/11/1998;32,00;-;;
02/11/1998;32,00;-;;
03/11/1998;32,00;-;;
04/11/1998;32,00;-;;
05/11/1998;32,00;-;;
06/11/1998;32,00;-;;
07/11/1998;32,00;-;;
08/11/1998;32,00;-;;
09/11/1998;30,00;-;;
10/11/1998;30,00;-;;
11/11/1998;30,00;-;;
12/11/1998;30,00;-;;
13/11/1998;30,00;-;;
14/11/1998;30,00;-;;
15/11/1998;30,00;-;;
16/11/1998;30,00;-;;
17/11/1998;30,00;-;;
18/11/1998;30,00;-;;
19/11/1998;30,00;-;;
20/11/1998;30,00;-;;
21/11/1998;30,00;-;;
22/11/1998;30,00;-;;
23/11/1998;30,00;-;;
24/11/1998;30,00;-;;
25/11/1998;30,00;-;;
26/11/1998;28,00;-;;
27/11/1998;28,00;-;;
28/11/1998;28,00;-;;
29/11/1998;28,00;-;;
30/11/1998;28,00;36,10;;
01/12/1998;28,00;-;;
02/12/1998;28,00;-;;
03/12/1998;28,00;-;;
04/12/1998;28,00;-;;
05/12/1998;28,00;-;;
06/12/1998;28,00;-;;
07/12/1998;28,00;-;;
08/12/1998;28,00;-;;
09/12/1998;28,00;-;;
10/12/1998;28,00;-;;
11/12/1998;26,00;-;;
12/12/1998;26,00;-;;
13/12/1998;26,00;-;;
14/12/1998;26,00;-;;
15/12/1998;26,00;-;;
16/12/1998;26,00;-;;
17/12/1998;26,00;-;;
18/12/1998;26,00;-;;
19/12/1998;26,00;-;;
20/12/1998;26,00;-;;
21/12/1998;26,00;-;;
22/12/1998;26,00;-;;
23/12/1998;26,00;-;;
24/12/1998;26,00;-;;
25/12/1998;26,00;-;;
26/12/1998;26,00;-;;
27/12/1998;26,00;-;;
28/12/1998;26,00;-;;
29/12/1998;26,00;-;;
30/12/1998;26,00;-;;
31/12/1998;26,00;36,42;;
01/01/1999;26,00;-;;
02/01/1999;26,00;-;;
03/01/1999;26,00;-;;
04/01/1999;26,00;-;;
05/01/1999;26,00;-;;
06/01/1999;26,00;-;;
07/01/1999;26,00;-;;
08/01/1999;26,00;-;;
09/01/1999;26,00;-;;
10/01/1999;26,00;-;;
11/01/1999;26,00;-;;
12/01/1999;26,00;-;;
13/01/1999;26,00;-;;
14/01/1999;26,00;-;;
15/01/1999;26,00;-;;
16/01/1999;26,00;-;;
17/01/1999;26,00;-;;
18/01/1999;26,00;-;;
19/01/1999;26,00;-;;
20/01/1999;26,00;-;;
21/01/1999;26,00;-;;
22/01/1999;26,00;-;;
23/01/1999;26,00;-;;
24/01/1999;26,00;-;;
25/01/1999;26,00;-;;
26/01/1999;26,00;-;;
27/01/1999;26,00;-;;
28/01/1999;26,00;-;;
29/01/1999;26,00;-;;
30/01/1999;26,00;-;;
31/01/1999;26,00;37,23;;
01/02/1999;26,00;-;;
02/02/1999;26,00;-;;
03/02/1999;26,00;-;;
04/02/1999;26,00;-;;
05/02/1999;26,00;-;;
06/02/1999;26,00;-;;
07/02/1999;26,00;-;;
08/02/1999;24,00;-;;
09/02/1999;24,00;-;;
10/02/1999;24,00;-;;
11/02/1999;24,00;-;;
12/02/1999;24,00;-;;
13/02/1999;24,00;-;;
14/02/1999;24,00;-;;
15/02/1999;24,00;-;;
16/02/1999;24,00;-;;
17/02/1999;24,00;-;;
18/02/1999;24,00;-;;
19/02/1999;24,00;-;;
20/02/1999;24,00;-;;
21/02/1999;24,00;-;;
22/02/1999;24,00;-;;
23/02/1999;24,00;-;;
24/02/1999;24,00;-;;
25/02/1999;24,00;-;;
26/02/1999;24,00;-;;
27/02/1999;24,00;-;;
28/02/1999;24,00;37,86;;
01/03/1999;24,00;-;;
02/03/1999;24,00;-;;
03/03/1999;24,00;-;;
04/03/1999;24,00;-;;
05/03/1999;24,00;-;;
06/03/1999;24,00;-;;
07/03/1999;24,00;-;;
08/03/1999;23,00;-;;
09/03/1999;23,00;-;;
10/03/1999;23,00;-;;
11/03/1999;23,00;-;;
12/03/1999;23,00;-;;
13/03/1999;23,00;-;;
14/03/1999;23,00;-;;
15/03/1999;23,00;-;;
16/03/1999;23,00;-;;
17/03/1999;23,00;-;;
18/03/1999;23,00;-;;
19/03/1999;23,00;-;;
20/03/1999;23,00;-;;
21/03/1999;23,00;-;;
22/03/1999;23,00;-;;
23/03/1999;20,00;-;;
24/03/1999;20,00;-;;
25/03/1999;20,00;-;;
26/03/1999;20,00;-;;
27/03/1999;20,00;-;;
28/03/1999;20,00;-;;
29/03/1999;20,00;-;;
30/03/1999;20,00;-;;
31/03/1999;20,00;38,22;;
01/04/1999;20,00;-;;
02/04/1999;20,00;-;;
03/04/1999;20,00;-;;
04/04/1999;20,00;-;;
05/04/1999;20,00;-;;
06/04/1999;20,00;-;;
07/04/1999;20,00;-;;
08/04/1999;20,00;-;;
09/04/1999;20,00;-;;
10/04/1999;20,00;-;;
11/04/1999;20,00;-;;
12/04/1999;20,00;-;;
13/04/1999;20,00;-;;
14/04/1999;20,00;-;;
15/04/1999;20,00;-;;
16/04/1999;20,00;-;;
17/04/1999;20,00;-;;
18/04/1999;20,00;-;;
19/04/1999;19,00;-;;
20/04/1999;19,00;-;;
21/04/1999;19,00;-;;
22/04/1999;19,00;-;;
23/04/1999;19,00;-;;
24/04/1999;19,00;-;;
25/04/1999;19,00;-;;
26/04/1999;19,00;-;;
27/04/1999;19,00;-;;
28/04/1999;19,00;-;;
29/04/1999;19,00;-;;
30/04/1999;19,00;38,52;;
01/05/1999;19,00;-;;
02/05/1999;19,00;-;;
03/05/1999;19,00;-;;
04/05/1999;19,00;-;;
05/05/1999;19,00;-;;
06/05/1999;19,00;-;;
07/05/1999;19,00;-;;
08/05/1999;19,00;-;;
09/05/1999;19,00;-;;
10/05/1999;19,00;-;;
11/05/1999;19,00;-;;
12/05/1999;19,00;-;;
13/05/1999;19,00;-;;
14/05/1999;19,00;-;;
15/05/1999;19,00;-;;
16/05/1999;19,00;-;;
17/05/1999;19,00;-;;
18/05/1999;18,00;-;;
19/05/1999;18,00;-;;
20/05/1999;18,00;-;;
21/05/1999;18,00;-;;
22/05/1999;18,00;-;;
23/05/1999;18,00;-;;
24/05/1999;18,00;-;;
25/05/1999;18,00;-;;
26/05/1999;18,00;-;;
27/05/1999;18,00;-;;
28/05/1999;18,00;-;;
29/05/1999;18,00;-;;
30/05/1999;18,00;-;;
31/05/1999;18,00;38,70;;
01/06/1999;18,00;-;;
02/06/1999;18,00;-;;
03/06/1999;18,00;-;;
04/06/1999;18,00;-;;
05/06/1999;18,00;-;;
06/06/1999;18,00;-;;
07/06/1999;18,00;-;;
08/06/1999;18,00;-;;
09/06/1999;18,00;-;;
10/06/1999;18,00;-;;
11/06/1999;18,00;-;;
12/06/1999;18,00;-;;
13/06/1999;18,00;-;;
14/06/1999;18,00;-;;
15/06/1999;18,00;-;;
16/06/1999;18,00;-;;
17/06/1999;18,00;-;;
18/06/1999;18,00;-;;
19/06/1999;18,00;-;;
20/06/1999;18,00;-;;
21/06/1999;18,00;-;;
22/06/1999;18,00;-;;
23/06/1999;18,00;-;;
24/06/1999;18,00;-;;
25/06/1999;18,00;-;;
26/06/1999;18,00;-;;
27/06/1999;18,00;-;;
28/06/1999;18,00;-;;
29/06/1999;18,00;-;;
30/06/1999;18,00;38,81;;
01/07/1999;18,00;-;;
02/07/1999;18,00;-;;
03/07/1999;18,00;-;;
04/07/1999;18,00;-;;
05/07/1999;18,00;-;;
06/07/1999;18,00;-;;
07/07/1999;18,00;-;;
08/07/1999;18,00;-;;
09/07/1999;18,00;-;;
10/07/1999;18,00;-;;
11/07/1999;18,00;-;;
12/07/1999;18,00;-;;
13/07/1999;18,00;-;;
14/07/1999;18,00;-;;
15/07/1999;18,00;-;;
16/07/1999;18,00;-;;
17/07/1999;18,00;-;;
18/07/1999;18,00;-;;
19/07/1999;18,00;-;;
20/07/1999;18,00;-;;
21/07/1999;18,00;-;;
22/07/1999;18,00;-;;
23/07/1999;18,00;-;;
24/07/1999;18,00;-;;
25/07/1999;18,00;-;;
26/07/1999;17,00;-;;
27/07/1999;17,00;-;;
28/07/1999;17,00;-;;
29/07/1999;17,00;-;;
30/07/1999;17,00;-;;
31/07/1999;17,00;38,93;;
01/08/1999;17,00;-;;
02/08/1999;17,00;-;;
03/08/1999;17,00;-;;
04/08/1999;17,00;-;;
05/08/1999;17,00;-;;
06/08/1999;17,00;-;;
07/08/1999;17,00;-;;
08/08/1999;17,00;-;;
09/08/1999;17,00;-;;
10/08/1999;17,00;-;;
11/08/1999;17,00;-;;
12/08/1999;17,00;-;;
13/08/1999;17,00;-;;
14/08/1999;17,00;-;;
15/08/1999;17,00;-;;
16/08/1999;17,00;-;;
17/08/1999;16,00;-;;
18/08/1999;16,00;-;;
19/08/1999;16,00;-;;
20/08/1999;16,00;-;;
21/08/1999;16,00;-;;
22/08/1999;16,00;-;;
23/08/1999;16,00;-;;
24/08/1999;16,00;-;;
25/08/1999;16,00;-;;
26/08/1999;16,00;-;;
27/08/1999;16,00;-;;
28/08/1999;16,00;-;;
29/08/1999;16,00;-;;
30/08/1999;16,00;-;;
31/08/1999;16,00;39,12;;
01/09/1999;16,00;-;;
02/09/1999;16,00;-;;
03/09/1999;16,00;-;;
04/09/1999;16,00;-;;
05/09/1999;16,00;-;;
06/09/1999;16,00;-;;
07/09/1999;16,00;-;;
08/09/1999;16,00;-;;
09/09/1999;16,00;-;;
10/09/1999;16,00;-;;
11/09/1999;16,00;-;;
12/09/1999;16,00;-;;
13/09/1999;16,00;-;;
14/09/1999;16,00;-;;
15/09/1999;16,00;-;;
16/09/1999;16,00;-;;
17/09/1999;16,00;-;;
18/09/1999;16,00;-;;
19/09/1999;16,00;-;;
20/09/1999;16,00;-;;
21/09/1999;16,00;-;;
22/09/1999;16,00;-;;
23/09/1999;16,00;-;;
24/09/1999;16,00;-;;
25/09/1999;16,00;-;;
26/09/1999;16,00;-;;
27/09/1999;16,00;-;;
28/09/1999;16,00;-;;
29/09/1999;16,00;-;;
30/09/1999;16,00;39,25;;
01/10/1999;16,00;-;;
02/10/1999;16,00;-;;
03/10/1999;16,00;-;;
04/10/1999;16,00;-;;
05/10/1999;16,00;-;;
06/10/1999;16,00;-;;
07/10/1999;16,00;-;;
08/10/1999;16,00;-;;
09/10/1999;16,00;-;;
10/10/1999;16,00;-;;
11/10/1999;16,00;-;;
12/10/1999;16,00;-;;
13/10/1999;16,00;-;;
14/10/1999;16,00;-;;
15/10/1999;16,00;-;;
16/10/1999;16,00;-;;
17/10/1999;16,00;-;;
18/10/1999;16,00;-;;
19/10/1999;15,00;-;;
20/10/1999;15,00;-;;
21/10/1999;15,00;-;;
22/10/1999;15,00;-;;
23/10/1999;15,00;-;;
24/10/1999;15,00;-;;
25/10/1999;15,00;-;;
26/10/1999;15,00;-;;
27/10/1999;15,00;-;;
28/10/1999;15,00;-;;
29/10/1999;15,00;-;;
30/10/1999;15,00;-;;
31/10/1999;15,00;39,39;;
01/11/1999;15,00;-;;
02/11/1999;15,00;-;;
03/11/1999;15,00;-;;
04/11/1999;15,00;-;;
05/11/1999;15,00;-;;
06/11/1999;15,00;-;;
07/11/1999;15,00;-;;
08/11/1999;15,00;-;;
09/11/1999;15,00;-;;
10/11/1999;15,00;-;;
11/11/1999;15,00;-;;
12/11/1999;15,00;-;;
13/11/1999;15,00;-;;
14/11/1999;15,00;-;;
15/11/1999;15,00;-;;
16/11/1999;13,00;-;;
17/11/1999;13,00;-;;
18/11/1999;13,00;-;;
19/11/1999;13,00;-;;
20/11/1999;13,00;-;;
21/11/1999;13,00;-;;
22/11/1999;13,00;-;;
23/11/1999;13,00;-;;
24/11/1999;13,00;-;;
25/11/1999;13,00;-;;
26/11/1999;13,00;-;;
27/11/1999;13,00;-;;
28/11/1999;13,00;-;;
29/11/1999;13,00;-;;
30/11/1999;13,00;39,58;;
01/12/1999;13,00;-;;
02/12/1999;13,00;-;;
03/12/1999;13,00;-;;
04/12/1999;13,00;-;;
05/12/1999;13,00;-;;
06/12/1999;13,00;-;;
07/12/1999;13,00;-;;
08/12/1999;13,00;-;;
09/12/1999;13,00;-;;
10/12/1999;13,00;-;;
11/12/1999;13,00;-;;
12/12/1999;13,00;-;;
13/12/1999;12,00;-;;
14/12/1999;12,00;-;;
15/12/1999;12,00;-;;
16/12/1999;12,00;-;;
17/12/1999;12,00;-;;
18/12/1999;12,00;-;;
19/12/1999;12,00;-;;
20/12/1999;12,00;-;;
21/12/1999;12,00;-;;
22/12/1999;12,00;-;;
23/12/1999;12,00;-;;
24/12/1999;12,00;-;;
25/12/1999;12,00;-;;
26/12/1999;12,00;-;;
27/12/1999;12,00;-;;
28/12/1999;12,00;-;;
29/12/1999;12,00;-;;
30/12/1999;12,00;-;;
31/12/1999;12,00;39,79;;
01/01/2000;12,00;-;;
02/01/2000;12,00;-;;
03/01/2000;12,00;-;;
04/01/2000;12,00;-;;
05/01/2000;12,00;-;;
06/01/2000;12,00;-;;
07/01/2000;12,00;-;;
08/01/2000;12,00;-;;
09/01/2000;12,00;-;;
10/01/2000;12,00;-;;
11/01/2000;12,00;-;;
12/01/2000;12,00;-;;
13/01/2000;12,00;-;;
14/01/2000;12,00;-;;
15/01/2000;12,00;-;;
16/01/2000;12,00;-;;
17/01/2000;12,00;-;;
18/01/2000;12,00;-;;
19/01/2000;12,00;-;;
20/01/2000;12,00;-;;
21/01/2000;12,00;-;;
22/01/2000;12,00;-;;
23/01/2000;12,00;-;;
24/01/2000;12,00;-;;
25/01/2000;12,00;-;;
26/01/2000;12,00;-;;
27/01/2000;12,00;-;;
28/01/2000;12,00;-;;
29/01/2000;12,00;-;;
30/01/2000;12,00;-;;
31/01/2000;12,00;40,30;;
01/02/2000;12,00;-;;
02/02/2000;12,00;-;;
03/02/2000;12,00;-;;
04/02/2000;12,00;-;;
05/02/2000;12,00;-;;
06/02/2000;12,00;-;;
07/02/2000;12,00;-;;
08/02/2000;12,00;-;;
09/02/2000;12,00;-;;
10/02/2000;12,00;-;;
11/02/2000;12,00;-;;
12/02/2000;12,00;-;;
13/02/2000;12,00;-;;
14/02/2000;12,00;-;;
15/02/2000;12,00;-;;
16/02/2000;12,00;-;;
17/02/2000;12,00;-;;
18/02/2000;12,00;-;;
19/02/2000;12,00;-;;
20/02/2000;12,00;-;;
21/02/2000;12,00;-;;
22/02/2000;12,00;-;;
23/02/2000;12,00;-;;
24/02/2000;12,00;-;;
25/02/2000;12,00;-;;
26/02/2000;12,00;-;;
27/02/2000;12,00;-;;
28/02/2000;12,00;-;;
29/02/2000;12,00;41,23;;
01/03/2000;12,00;-;;
02/03/2000;12,00;-;;
03/03/2000;12,00;-;;
04/03/2000;12,00;-;;
05/03/2000;12,00;-;;
06/03/2000;12,00;-;;
07/03/2000;12,00;-;;
08/03/2000;12,00;-;;
09/03/2000;12,00;-;;
10/03/2000;12,00;-;;
11/03/2000;12,00;-;;
12/03/2000;12,00;-;;
13/03/2000;12,00;-;;
14/03/2000;12,00;-;;
15/03/2000;12,00;-;;
16/03/2000;12,00;-;;
17/03/2000;12,00;-;;
18/03/2000;12,00;-;;
19/03/2000;12,00;-;;
20/03/2000;12,00;-;;
21/03/2000;12,00;-;;
22/03/2000;12,00;-;;
23/03/2000;12,00;-;;
24/03/2000;12,00;-;;
25/03/2000;12,00;-;;
26/03/2000;12,00;-;;
27/03/2000;12,00;-;;
28/03/2000;12,00;-;;
29/03/2000;12,00;-;;
30/03/2000;12,00;-;;
31/03/2000;12,00;41,93;;
01/04/2000;12,00;-;;
02/04/2000;12,00;-;;
03/04/2000;12,00;-;;
04/04/2000;12,00;-;;
05/04/2000;12,00;-;;
06/04/2000;12,00;-;;
07/04/2000;12,00;-;;
08/04/2000;12,00;-;;
09/04/2000;12,00;-;;
10/04/2000;12,00;-;;
11/04/2000;12,00;-;;
12/04/2000;12,00;-;;
13/04/2000;12,00;-;;
14/04/2000;12,00;-;;
15/04/2000;12,00;-;;
16/04/2000;12,00;-;;
17/04/2000;12,00;-;;
18/04/2000;12,00;-;;
19/04/2000;12,00;-;;
20/04/2000;12,00;-;;
21/04/2000;12,00;-;;
22/04/2000;12,00;-;;
23/04/2000;12,00;-;;
24/04/2000;12,00;-;;
25/04/2000;12,00;-;;
26/04/2000;12,00;-;;
27/04/2000;12,00;-;;
28/04/2000;12,00;-;;
29/04/2000;12,00;-;;
30/04/2000;12,00;42,35;;
01/05/2000;12,00;-;;
02/05/2000;12,00;-;;
03/05/2000;12,00;-;;
04/05/2000;12,00;-;;
05/05/2000;12,00;-;;
06/05/2000;12,00;-;;
07/05/2000;12,00;-;;
08/05/2000;12,00;-;;
09/05/2000;12,00;-;;
10/05/2000;12,00;-;;
11/05/2000;12,00;-;;
12/05/2000;12,00;-;;
13/05/2000;12,00;-;;
14/05/2000;12,00;-;;
15/05/2000;12,00;-;;
16/05/2000;12,00;-;;
17/05/2000;12,00;-;;
18/05/2000;12,00;-;;
19/05/2000;12,00;-;;
20/05/2000;12,00;-;;
21/05/2000;12,00;-;;
22/05/2000;12,00;-;;
23/05/2000;12,00;-;;
24/05/2000;12,00;-;;
25/05/2000;12,00;-;;
26/05/2000;12,00;-;;
27/05/2000;12,00;-;;
28/05/2000;12,00;-;;
29/05/2000;12,00;-;;
30/05/2000;12,00;-;;
31/05/2000;12,00;42,57;;
01/06/2000;12,00;-;;
02/06/2000;12,00;-;;
03/06/2000;12,00;-;;
04/06/2000;12,00;-;;
05/06/2000;12,00;-;;
06/06/2000;12,00;-;;
07/06/2000;12,00;-;;
08/06/2000;12,00;-;;
09/06/2000;12,00;-;;
10/06/2000;12,00;-;;
11/06/2000;12,00;-;;
12/06/2000;12,00;-;;
13/06/2000;12,00;-;;
14/06/2000;12,00;-;;
15/06/2000;12,00;-;;
16/06/2000;12,00;-;;
17/06/2000;12,00;-;;
18/06/2000;12,00;-;;
19/06/2000;12,00;-;;
20/06/2000;12,00;-;;
21/06/2000;12,00;-;;
22/06/2000;12,00;-;;
23/06/2000;12,00;-;;
24/06/2000;12,00;-;;
25/06/2000;12,00;-;;
26/06/2000;12,00;-;;
27/06/2000;12,00;-;;
28/06/2000;12,00;-;;
29/06/2000;12,00;-;;
30/06/2000;12,00;42,56;;
01/07/2000;12,00;-;;
02/07/2000;12,00;-;;
03/07/2000;12,00;-;;
04/07/2000;12,00;-;;
05/07/2000;12,00;-;;
06/07/2000;12,00;-;;
07/07/2000;12,00;-;;
08/07/2000;12,00;-;;
09/07/2000;12,00;-;;
10/07/2000;12,00;-;;
11/07/2000;12,00;-;;
12/07/2000;12,00;-;;
13/07/2000;12,00;-;;
14/07/2000;12,00;-;;
15/07/2000;12,00;-;;
16/07/2000;12,00;-;;
17/07/2000;12,00;-;;
18/07/2000;12,00;-;;
19/07/2000;12,00;-;;
20/07/2000;12,00;-;;
21/07/2000;12,00;-;;
22/07/2000;12,00;-;;
23/07/2000;12,00;-;;
24/07/2000;12,00;-;;
25/07/2000;12,00;-;;
26/07/2000;12,00;-;;
27/07/2000;12,00;-;;
28/07/2000;12,00;-;;
29/07/2000;12,00;-;;
30/07/2000;12,00;-;;
31/07/2000;12,00;42,55;;
01/08/2000;12,00;-;;
02/08/2000;12,00;-;;
03/08/2000;12,00;-;;
04/08/2000;12,00;-;;
05/08/2000;12,00;-;;
06/08/2000;12,00;-;;
07/08/2000;12,00;-;;
08/08/2000;12,00;-;;
09/08/2000;12,00;-;;
10/08/2000;12,00;-;;
11/08/2000;12,00;-;;
12/08/2000;12,00;-;;
13/08/2000;12,00;-;;
14/08/2000;12,00;-;;
15/08/2000;12,00;-;;
16/08/2000;12,00;-;;
17/08/2000;12,00;-;;
18/08/2000;12,00;-;;
19/08/2000;12,00;-;;
20/08/2000;12,00;-;;
21/08/2000;12,00;-;;
22/08/2000;12,00;-;;
23/08/2000;12,00;-;;
24/08/2000;12,00;-;;
25/08/2000;12,00;-;;
26/08/2000;12,00;-;;
27/08/2000;12,00;-;;
28/08/2000;12,00;-;;
29/08/2000;12,00;-;;
30/08/2000;12,00;-;;
31/08/2000;12,00;42,68;;
01/09/2000;12,00;-;;
02/09/2000;12,00;-;;
03/09/2000;12,00;-;;
04/09/2000;12,00;-;;
05/09/2000;12,00;-;;
06/09/2000;12,00;-;;
07/09/2000;12,00;-;;
08/09/2000;12,00;-;;
09/09/2000;12,00;-;;
10/09/2000;12,00;-;;
11/09/2000;12,00;-;;
12/09/2000;12,00;-;;
13/09/2000;12,00;-;;
14/09/2000;12,00;-;;
15/09/2000;12,00;-;;
16/09/2000;12,00;-;;
17/09/2000;12,00;-;;
18/09/2000;12,00;-;;
19/09/2000;12,00;-;;
20/09/2000;12,00;-;;
21/09/2000;12,00;-;;
22/09/2000;12,00;-;;
23/09/2000;12,00;-;;
24/09/2000;12,00;-;;
25/09/2000;12,00;-;;
26/09/2000;12,00;-;;
27/09/2000;12,00;-;;
28/09/2000;12,00;-;;
29/09/2000;12,00;-;;
30/09/2000;12,00;42,86;;
01/10/2000;12,00;-;;
02/10/2000;12,00;-;;
03/10/2000;12,00;-;;
04/10/2000;12,00;-;;
05/10/2000;12,00;-;;
06/10/2000;12,00;-;;
07/10/2000;12,00;-;;
08/10/2000;12,00;-;;
09/10/2000;12,00;-;;
10/10/2000;12,00;-;;
11/10/2000;12,00;-;;
12/10/2000;12,00;-;;
13/10/2000;12,00;-;;
14/10/2000;12,00;-;;
15/10/2000;12,00;-;;
16/10/2000;12,00;-;;
17/10/2000;12,00;-;;
18/10/2000;12,00;-;;
19/10/2000;12,00;-;;
20/10/2000;12,00;-;;
21/10/2000;12,00;-;;
22/10/2000;12,00;-;;
23/10/2000;12,00;-;;
24/10/2000;12,00;-;;
25/10/2000;12,00;-;;
26/10/2000;12,00;-;;
27/10/2000;12,00;-;;
28/10/2000;12,00;-;;
29/10/2000;12,00;-;;
30/10/2000;12,00;-;;
31/10/2000;12,00;42,93;;
01/11/2000;12,00;-;;
02/11/2000;12,00;-;;
03/11/2000;12,00;-;;
04/11/2000;12,00;-;;
05/11/2000;12,00;-;;
06/11/2000;12,00;-;;
07/11/2000;12,00;-;;
08/11/2000;12,00;-;;
09/11/2000;12,00;-;;
10/11/2000;12,00;-;;
11/11/2000;12,00;-;;
12/11/2000;12,00;-;;
13/11/2000;12,00;-;;
14/11/2000;12,00;-;;
15/11/2000;12,00;-;;
16/11/2000;12,00;-;;
17/11/2000;12,00;-;;
18/11/2000;12,00;-;;
19/11/2000;12,00;-;;
20/11/2000;12,00;-;;
21/11/2000;12,00;-;;
22/11/2000;12,00;-;;
23/11/2000;12,00;-;;
24/11/2000;12,00;-;;
25/11/2000;12,00;-;;
26/11/2000;12,00;-;;
27/11/2000;12,00;-;;
28/11/2000;12,00;-;;
29/11/2000;12,00;-;;
30/11/2000;12,00;43,07;;
01/12/2000;12,00;-;;
02/12/2000;12,00;-;;
03/12/2000;12,00;-;;
04/12/2000;12,00;-;;
05/12/2000;12,00;-;;
06/12/2000;12,00;-;;
07/12/2000;12,00;-;;
08/12/2000;12,00;-;;
09/12/2000;12,00;-;;
10/12/2000;12,00;-;;
11/12/2000;12,00;-;;
12/12/2000;12,00;-;;
13/12/2000;12,00;-;;
14/12/2000;12,00;-;;
15/12/2000;12,00;-;;
16/12/2000;12,00;-;;
17/12/2000;12,00;-;;
18/12/2000;12,00;-;;
19/12/2000;12,00;-;;
20/12/2000;12,00;-;;
21/12/2000;12,00;-;;
22/12/2000;12,00;-;;
23/12/2000;12,00;-;;
24/12/2000;12,00;-;;
25/12/2000;12,00;-;;
26/12/2000;12,00;-;;
27/12/2000;12,00;-;;
28/12/2000;12,00;-;;
29/12/2000;12,00;-;;
30/12/2000;12,00;-;;
31/12/2000;12,00;43,27;;
01/01/2001;12,00;-;;
02/01/2001;12,00;-;;
03/01/2001;12,00;-;;
04/01/2001;12,00;-;;
05/01/2001;12,00;-;;
06/01/2001;12,00;-;;
07/01/2001;12,00;-;;
08/01/2001;12,00;-;;
09/01/2001;12,00;-;;
10/01/2001;12,00;-;;
11/01/2001;12,00;-;;
12/01/2001;12,00;-;;
13/01/2001;12,00;-;;
14/01/2001;12,00;-;;
15/01/2001;12,00;-;;
16/01/2001;12,00;-;;
17/01/2001;12,00;-;;
18/01/2001;12,00;-;;
19/01/2001;12,00;-;;
20/01/2001;12,00;-;;
21/01/2001;12,00;-;;
22/01/2001;12,00;-;;
23/01/2001;12,00;-;;
24/01/2001;12,00;-;;
25/01/2001;12,00;-;;
26/01/2001;12,00;-;;
27/01/2001;12,00;-;;
28/01/2001;12,00;-;;
29/01/2001;12,00;-;;
30/01/2001;12,00;-;;
31/01/2001;12,00;43,72;;
01/02/2001;12,00;-;;
02/02/2001;12,00;-;;
03/02/2001;12,00;-;;
04/02/2001;12,00;-;;
05/02/2001;12,00;-;;
06/02/2001;12,00;-;;
07/02/2001;12,00;-;;
08/02/2001;12,00;-;;
09/02/2001;12,00;-;;
10/02/2001;12,00;-;;
11/02/2001;12,00;-;;
12/02/2001;12,00;-;;
13/02/2001;12,00;-;;
14/02/2001;12,00;-;;
15/02/2001;12,00;-;;
16/02/2001;12,00;-;;
17/02/2001;12,00;-;;
18/02/2001;12,00;-;;
19/02/2001;12,00;-;;
20/02/2001;12,00;-;;
21/02/2001;12,00;-;;
22/02/2001;12,00;-;;
23/02/2001;12,00;-;;
24/02/2001;12,00;-;;
25/02/2001;12,00;-;;
26/02/2001;12,00;-;;
27/02/2001;12,00;-;;
28/02/2001;12,00;44,55;;
01/03/2001;12,00;-;;
02/03/2001;12,00;-;;
03/03/2001;12,00;-;;
04/03/2001;12,00;-;;
05/03/2001;12,00;-;;
06/03/2001;12,00;-;;
07/03/2001;12,00;-;;
08/03/2001;12,00;-;;
09/03/2001;12,00;-;;
10/03/2001;12,00;-;;
11/03/2001;12,00;-;;
12/03/2001;11,50;-;;
13/03/2001;11,50;-;;
14/03/2001;11,50;-;;
15/03/2001;11,50;-;;
16/03/2001;11,50;-;;
17/03/2001;11,50;-;;
18/03/2001;11,50;-;;
19/03/2001;11,50;-;;
20/03/2001;11,50;-;;
21/03/2001;11,50;-;;
22/03/2001;11,50;-;;
23/03/2001;11,50;-;;
24/03/2001;11,50;-;;
25/03/2001;11,50;-;;
26/03/2001;11,50;-;;
27/03/2001;11,50;-;;
28/03/2001;11,50;-;;
29/03/2001;11,50;-;;
30/03/2001;11,50;-;;
31/03/2001;11,50;45,21;;
01/04/2001;11,50;-;;
02/04/2001;11,50;-;;
03/04/2001;11,50;-;;
04/04/2001;11,50;-;;
05/04/2001;11,50;-;;
06/04/2001;11,50;-;;
07/04/2001;11,50;-;;
08/04/2001;11,50;-;;
09/04/2001;11,50;-;;
10/04/2001;11,50;-;;
11/04/2001;11,50;-;;
12/04/2001;11,50;-;;
13/04/2001;11,50;-;;
14/04/2001;11,50;-;;
15/04/2001;11,50;-;;
16/04/2001;11,50;-;;
17/04/2001;11,50;-;;
18/04/2001;11,50;-;;
19/04/2001;11,50;-;;
20/04/2001;11,50;-;;
21/04/2001;11,50;-;;
22/04/2001;11,50;-;;
23/04/2001;11,50;-;;
24/04/2001;11,50;-;;
25/04/2001;11,50;-;;
26/04/2001;11,50;-;;
27/04/2001;11,50;-;;
28/04/2001;11,50;-;;
29/04/2001;11,50;-;;
30/04/2001;11,50;45,73;;
01/05/2001;11,50;-;;
02/05/2001;11,50;-;;
03/05/2001;11,50;-;;
04/05/2001;11,50;-;;
05/05/2001;11,50;-;;
06/05/2001;11,50;-;;
07/05/2001;11,50;-;;
08/05/2001;11,50;-;;
09/05/2001;11,50;-;;
10/05/2001;11,50;-;;
11/05/2001;11,50;-;;
12/05/2001;11,50;-;;
13/05/2001;11,50;-;;
14/05/2001;11,50;-;;
15/05/2001;11,50;-;;
16/05/2001;11,50;-;;
17/05/2001;11,50;-;;
18/05/2001;11,50;-;;
19/05/2001;11,50;-;;
20/05/2001;11,50;-;;
21/05/2001;11,50;-;;
22/05/2001;11,50;-;;
23/05/2001;11,50;-;;
24/05/2001;11,50;-;;
25/05/2001;11,50;-;;
26/05/2001;11,50;-;;
27/05/2001;11,50;-;;
28/05/2001;11,50;-;;
29/05/2001;11,50;-;;
30/05/2001;11,50;-;;
31/05/2001;11,50;45,92;;
01/06/2001;11,50;-;;
02/06/2001;11,50;-;;
03/06/2001;11,50;-;;
04/06/2001;11,50;-;;
05/06/2001;11,50;-;;
06/06/2001;11,50;-;;
07/06/2001;11,50;-;;
08/06/2001;11,50;-;;
09/06/2001;11,50;-;;
10/06/2001;11,50;-;;
11/06/2001;11,50;-;;
12/06/2001;11,50;-;;
13/06/2001;11,50;-;;
14/06/2001;11,50;-;;
15/06/2001;11,50;-;;
16/06/2001;11,50;-;;
17/06/2001;11,50;-;;
18/06/2001;11,50;-;;
19/06/2001;11,50;-;;
20/06/2001;11,50;-;;
21/06/2001;11,50;-;;
22/06/2001;11,50;-;;
23/06/2001;11,50;-;;
24/06/2001;11,50;-;;
25/06/2001;11,50;-;;
26/06/2001;11,50;-;;
27/06/2001;11,50;-;;
28/06/2001;11,50;-;;
29/06/2001;11,50;-;;
30/06/2001;11,50;45,94;;
01/07/2001;11,50;-;;
02/07/2001;11,50;-;;
03/07/2001;11,50;-;;
04/07/2001;11,50;-;;
05/07/2001;11,50;-;;
06/07/2001;11,50;-;;
07/07/2001;11,50;-;;
08/07/2001;11,50;-;;
09/07/2001;11,50;-;;
10/07/2001;11,50;-;;
11/07/2001;11,50;-;;
12/07/2001;11,50;-;;
13/07/2001;11,50;-;;
14/07/2001;11,50;-;;
15/07/2001;11,50;-;;
16/07/2001;11,50;-;;
17/07/2001;11,50;-;;
18/07/2001;11,50;-;;
19/07/2001;11,50;-;;
20/07/2001;11,50;-;;
21/07/2001;11,50;-;;
22/07/2001;11,50;-;;
23/07/2001;11,50;-;;
24/07/2001;11,50;-;;
25/07/2001;11,50;-;;
26/07/2001;11,50;-;;
27/07/2001;11,50;-;;
28/07/2001;11,50;-;;
29/07/2001;11,50;-;;
30/07/2001;11,00;-;;
31/07/2001;11,00;45,99;;
01/08/2001;11,00;-;;
02/08/2001;11,00;-;;
03/08/2001;11,00;-;;
04/08/2001;11,00;-;;
05/08/2001;11,00;-;;
06/08/2001;11,00;-;;
07/08/2001;11,00;-;;
08/08/2001;11,00;-;;
09/08/2001;11,00;-;;
10/08/2001;11,00;-;;
11/08/2001;11,00;-;;
12/08/2001;11,00;-;;
13/08/2001;11,00;-;;
14/08/2001;11,00;-;;
15/08/2001;11,00;-;;
16/08/2001;11,00;-;;
17/08/2001;10,00;-;;
18/08/2001;10,00;-;;
19/08/2001;10,00;-;;
20/08/2001;10,00;-;;
21/08/2001;10,00;-;;
22/08/2001;10,00;-;;
23/08/2001;10,00;-;;
24/08/2001;10,00;-;;
25/08/2001;10,00;-;;
26/08/2001;10,00;-;;
27/08/2001;10,00;-;;
28/08/2001;10,00;-;;
29/08/2001;10,00;-;;
30/08/2001;10,00;-;;
31/08/2001;10,00;46,11;;
01/09/2001;10,00;-;;
02/09/2001;10,00;-;;
03/09/2001;10,00;-;;
04/09/2001;10,00;-;;
05/09/2001;10,00;-;;
06/09/2001;10,00;-;;
07/09/2001;10,00;-;;
08/09/2001;10,00;-;;
09/09/2001;10,00;-;;
10/09/2001;10,00;-;;
11/09/2001;10,00;-;;
12/09/2001;10,00;-;;
13/09/2001;10,00;-;;
14/09/2001;10,00;-;;
15/09/2001;10,00;-;;
16/09/2001;10,00;-;;
17/09/2001;9,50;-;;
18/09/2001;9,50;-;;
19/09/2001;9,50;-;;
20/09/2001;9,50;-;;
21/09/2001;9,50;-;;
22/09/2001;9,50;-;;
23/09/2001;9,50;-;;
24/09/2001;9,50;-;;
25/09/2001;9,50;-;;
26/09/2001;9,50;-;;
27/09/2001;9,50;-;;
28/09/2001;9,50;-;;
29/09/2001;9,50;-;;
30/09/2001;9,50;46,28;;
01/10/2001;9,50;-;;
02/10/2001;9,50;-;;
03/10/2001;9,50;-;;
04/10/2001;9,50;-;;
05/10/2001;9,50;-;;
06/10/2001;9,50;-;;
07/10/2001;9,50;-;;
08/10/2001;9,50;-;;
09/10/2001;9,50;-;;
10/10/2001;9,50;-;;
11/10/2001;9,50;-;;
12/10/2001;9,50;-;;
13/10/2001;9,50;-;;
14/10/2001;9,50;-;;
15/10/2001;9,50;-;;
16/10/2001;9,25;-;;
17/10/2001;9,25;-;;
18/10/2001;9,25;-;;
19/10/2001;9,25;-;;
20/10/2001;9,25;-;;
21/10/2001;9,25;-;;
22/10/2001;9,25;-;;
23/10/2001;9,25;-;;
24/10/2001;9,25;-;;
25/10/2001;9,25;-;;
26/10/2001;9,25;-;;
27/10/2001;9,25;-;;
28/10/2001;9,25;-;;
29/10/2001;9,25;-;;
30/10/2001;9,25;-;;
31/10/2001;9,25;46,37;;
01/11/2001;9,25;-;;
02/11/2001;9,25;-;;
03/11/2001;9,25;-;;
04/11/2001;9,25;-;;
05/11/2001;9,25;-;;
06/11/2001;9,25;-;;
07/11/2001;9,25;-;;
08/11/2001;9,25;-;;
09/11/2001;9,25;-;;
10/11/2001;9,25;-;;
11/11/2001;9,25;-;;
12/11/2001;9,25;-;;
13/11/2001;8,75;-;;
14/11/2001;8,75;-;;
15/11/2001;8,75;-;;
16/11/2001;8,75;-;;
17/11/2001;8,75;-;;
18/11/2001;8,75;-;;
19/11/2001;8,75;-;;
20/11/2001;8,75;-;;
21/11/2001;8,75;-;;
22/11/2001;8,75;-;;
23/11/2001;8,75;-;;
24/11/2001;8,75;-;;
25/11/2001;8,75;-;;
26/11/2001;8,75;-;;
27/11/2001;8,75;-;;
28/11/2001;8,75;-;;
29/11/2001;8,75;-;;
30/11/2001;8,75;46,42;;
01/12/2001;8,75;-;;
02/12/2001;8,75;-;;
03/12/2001;8,75;-;;
04/12/2001;8,75;-;;
05/12/2001;8,75;-;;
06/12/2001;8,75;-;;
07/12/2001;8,75;-;;
08/12/2001;8,75;-;;
09/12/2001;8,75;-;;
10/12/2001;8,75;-;;
11/12/2001;8,75;-;;
12/12/2001;8,75;-;;
13/12/2001;8,75;-;;
14/12/2001;8,75;-;;
15/12/2001;8,75;-;;
16/12/2001;8,75;-;;
17/12/2001;8,50;-;;
18/12/2001;8,50;-;;
19/12/2001;8,50;-;;
20/12/2001;8,50;-;;
21/12/2001;8,50;-;;
22/12/2001;8,50;-;;
23/12/2001;8,50;-;;
24/12/2001;8,50;-;;
25/12/2001;8,50;-;;
26/12/2001;8,50;-;;
27/12/2001;8,50;-;;
28/12/2001;8,50;-;;
29/12/2001;8,50;-;;
30/12/2001;8,50;-;;
31/12/2001;8,50;46,58;;
01/01/2002;8,50;-;;
02/01/2002;8,50;-;;
03/01/2002;8,50;-;;
04/01/2002;8,50;-;;
05/01/2002;8,50;-;;
06/01/2002;8,50;-;;
07/01/2002;8,50;-;;
08/01/2002;8,50;-;;
09/01/2002;8,50;-;;
10/01/2002;8,50;-;;
11/01/2002;8,50;-;;
12/01/2002;8,50;-;;
13/01/2002;8,50;-;;
14/01/2002;8,50;-;;
15/01/2002;8,50;-;;
16/01/2002;8,50;-;;
17/01/2002;8,50;-;;
18/01/2002;8,50;-;;
19/01/2002;8,50;-;;
20/01/2002;8,50;-;;
21/01/2002;8,00;-;;
22/01/2002;8,00;-;;
23/01/2002;8,00;-;;
24/01/2002;8,00;-;;
25/01/2002;8,00;-;;
26/01/2002;8,00;-;;
27/01/2002;8,00;-;;
28/01/2002;8,00;-;;
29/01/2002;8,00;-;;
30/01/2002;8,00;-;;
31/01/2002;8,00;46,95;;
01/02/2002;8,00;-;;
02/02/2002;8,00;-;;
03/02/2002;8,00;-;;
04/02/2002;8,00;-;;
05/02/2002;8,00;-;;
06/02/2002;8,00;-;;
07/02/2002;8,00;-;;
08/02/2002;8,00;-;;
09/02/2002;8,00;-;;
10/02/2002;8,00;-;;
11/02/2002;8,00;-;;
12/02/2002;8,00;-;;
13/02/2002;8,00;-;;
14/02/2002;8,00;-;;
15/02/2002;8,00;-;;
16/02/2002;8,00;-;;
17/02/2002;8,00;-;;
18/02/2002;8,00;-;;
19/02/2002;8,00;-;;
20/02/2002;8,00;-;;
21/02/2002;8,00;-;;
22/02/2002;8,00;-;;
23/02/2002;8,00;-;;
24/02/2002;8,00;-;;
25/02/2002;8,00;-;;
26/02/2002;8,00;-;;
27/02/2002;8,00;-;;
28/02/2002;8,00;47,54;;
01/03/2002;8,00;-;;
02/03/2002;8,00;-;;
03/03/2002;8,00;-;;
04/03/2002;8,00;-;;
05/03/2002;8,00;-;;
06/03/2002;8,00;-;;
07/03/2002;8,00;-;;
08/03/2002;8,00;-;;
09/03/2002;8,00;-;;
10/03/2002;8,00;-;;
11/03/2002;8,00;-;;
12/03/2002;8,00;-;;
13/03/2002;8,00;-;;
14/03/2002;8,00;-;;
15/03/2002;8,00;-;;
16/03/2002;8,00;-;;
17/03/2002;8,00;-;;
18/03/2002;7,25;-;;
19/03/2002;7,25;-;;
20/03/2002;7,25;-;;
21/03/2002;7,25;-;;
22/03/2002;7,25;-;;
23/03/2002;7,25;-;;
24/03/2002;7,25;-;;
25/03/2002;7,25;-;;
26/03/2002;7,25;-;;
27/03/2002;7,25;-;;
28/03/2002;7,25;-;;
29/03/2002;7,25;-;;
30/03/2002;7,25;-;;
31/03/2002;7,25;47,87;;
01/04/2002;7,25;-;;
02/04/2002;7,25;-;;
03/04/2002;7,25;-;;
04/04/2002;7,25;-;;
05/04/2002;7,25;-;;
06/04/2002;7,25;-;;
07/04/2002;7,25;-;;
08/04/2002;7,25;-;;
09/04/2002;7,25;-;;
10/04/2002;7,25;-;;
11/04/2002;7,25;-;;
12/04/2002;7,25;-;;
13/04/2002;7,25;-;;
14/04/2002;7,25;-;;
15/04/2002;6,25;-;;
16/04/2002;6,25;-;;
17/04/2002;6,25;-;;
18/04/2002;6,25;-;;
19/04/2002;6,25;-;;
20/04/2002;6,25;-;;
21/04/2002;6,25;-;;
22/04/2002;6,25;-;;
23/04/2002;6,25;-;;
24/04/2002;6,25;-;;
25/04/2002;6,25;-;;
26/04/2002;6,25;-;;
27/04/2002;6,25;-;;
28/04/2002;6,25;-;;
29/04/2002;6,25;-;;
30/04/2002;6,25;48,31;;
01/05/2002;6,25;-;;
02/05/2002;6,25;-;;
03/05/2002;6,25;-;;
04/05/2002;6,25;-;;
05/05/2002;6,25;-;;
06/05/2002;6,25;-;;
07/05/2002;6,25;-;;
08/05/2002;6,25;-;;
09/05/2002;6,25;-;;
10/05/2002;6,25;-;;
11/05/2002;6,25;-;;
12/05/2002;6,25;-;;
13/05/2002;6,25;-;;
14/05/2002;6,25;-;;
15/05/2002;6,25;-;;
16/05/2002;6,25;-;;
17/05/2002;6,25;-;;
18/05/2002;6,25;-;;
19/05/2002;6,25;-;;
20/05/2002;5,75;-;;
21/05/2002;5,75;-;;
22/05/2002;5,75;-;;
23/05/2002;5,75;-;;
24/05/2002;5,75;-;;
25/05/2002;5,75;-;;
26/05/2002;5,75;-;;
27/05/2002;5,75;-;;
28/05/2002;5,75;-;;
29/05/2002;5,75;-;;
30/05/2002;5,75;-;;
31/05/2002;5,75;48,60;;
01/06/2002;5,75;-;;
02/06/2002;5,75;-;;
03/06/2002;5,75;-;;
04/06/2002;5,75;-;;
05/06/2002;5,75;-;;
06/06/2002;5,75;-;;
07/06/2002;5,75;-;;
08/06/2002;5,75;-;;
09/06/2002;5,75;-;;
10/06/2002;5,75;-;;
11/06/2002;5,75;-;;
12/06/2002;5,75;-;;
13/06/2002;5,75;-;;
14/06/2002;5,75;-;;
15/06/2002;5,75;-;;
16/06/2002;5,75;-;;
17/06/2002;5,25;-;;
18/06/2002;5,25;-;;
19/06/2002;5,25;-;;
20/06/2002;5,25;-;;
21/06/2002;5,25;-;;
22/06/2002;5,25;-;;
23/06/2002;5,25;-;;
24/06/2002;5,25;-;;
25/06/2002;5,25;-;;
26/06/2002;5,25;-;;
27/06/2002;5,25;-;;
28/06/2002;5,25;-;;
29/06/2002;5,25;-;;
30/06/2002;5,25;48,81;;
01/07/2002;5,25;-;;
02/07/2002;5,25;-;;
03/07/2002;5,25;-;;
04/07/2002;5,25;-;;
05/07/2002;5,25;-;;
06/07/2002;5,25;-;;
07/07/2002;5,25;-;;
08/07/2002;5,25;-;;
09/07/2002;5,25;-;;
10/07/2002;5,25;-;;
11/07/2002;5,25;-;;
12/07/2002;5,25;-;;
13/07/2002;5,25;-;;
14/07/2002;5,25;-;;
15/07/2002;5,25;-;;
16/07/2002;5,25;-;;
17/07/2002;5,25;-;;
18/07/2002;5,25;-;;
19/07/2002;5,25;-;;
20/07/2002;5,25;-;;
21/07/2002;5,25;-;;
22/07/2002;5,25;-;;
23/07/2002;5,25;-;;
24/07/2002;5,25;-;;
25/07/2002;5,25;-;;
26/07/2002;5,25;-;;
27/07/2002;5,25;-;;
28/07/2002;5,25;-;;
29/07/2002;5,25;-;;
30/07/2002;5,25;-;;
31/07/2002;5,25;48,82;;
01/08/2002;5,25;-;;
02/08/2002;5,25;-;;
03/08/2002;5,25;-;;
04/08/2002;5,25;-;;
05/08/2002;5,25;-;;
06/08/2002;5,25;-;;
07/08/2002;5,25;-;;
08/08/2002;5,25;-;;
09/08/2002;5,25;-;;
10/08/2002;5,25;-;;
11/08/2002;5,25;-;;
12/08/2002;5,25;-;;
13/08/2002;5,25;-;;
14/08/2002;5,25;-;;
15/08/2002;5,25;-;;
16/08/2002;5,25;-;;
17/08/2002;5,25;-;;
18/08/2002;5,25;-;;
19/08/2002;5,25;-;;
20/08/2002;5,25;-;;
21/08/2002;5,25;-;;
22/08/2002;5,25;-;;
23/08/2002;5,25;-;;
24/08/2002;5,25;-;;
25/08/2002;5,25;-;;
26/08/2002;5,25;-;;
27/08/2002;5,25;-;;
28/08/2002;5,25;-;;
29/08/2002;5,25;-;;
30/08/2002;5,25;-;;
31/08/2002;5,25;48,87;;
01/09/2002;5,25;-;;
02/09/2002;5,25;-;;
03/09/2002;5,25;-;;
04/09/2002;5,25;-;;
05/09/2002;5,25;-;;
06/09/2002;5,25;-;;
07/09/2002;5,25;-;;
08/09/2002;5,25;-;;
09/09/2002;5,25;-;;
10/09/2002;5,25;-;;
11/09/2002;5,25;-;;
12/09/2002;5,25;-;;
13/09/2002;5,25;-;;
14/09/2002;5,25;-;;
15/09/2002;5,25;-;;
16/09/2002;5,25;-;;
17/09/2002;5,25;-;;
18/09/2002;5,25;-;;
19/09/2002;5,25;-;;
20/09/2002;5,25;-;;
21/09/2002;5,25;-;;
22/09/2002;5,25;-;;
23/09/2002;5,25;-;;
24/09/2002;5,25;-;;
25/09/2002;5,25;-;;
26/09/2002;5,25;-;;
27/09/2002;5,25;-;;
28/09/2002;5,25;-;;
29/09/2002;5,25;-;;
30/09/2002;5,25;49,04;;
01/10/2002;5,25;-;;
02/10/2002;5,25;-;;
03/10/2002;5,25;-;;
04/10/2002;5,25;-;;
05/10/2002;5,25;-;;
06/10/2002;5,25;-;;
07/10/2002;5,25;-;;
08/10/2002;5,25;-;;
09/10/2002;5,25;-;;
10/10/2002;5,25;-;;
11/10/2002;5,25;-;;
12/10/2002;5,25;-;;
13/10/2002;5,25;-;;
14/10/2002;5,25;-;;
15/10/2002;5,25;-;;
16/10/2002;5,25;-;;
17/10/2002;5,25;-;;
18/10/2002;5,25;-;;
19/10/2002;5,25;-;;
20/10/2002;5,25;-;;
21/10/2002;5,25;-;;
22/10/2002;5,25;-;;
23/10/2002;5,25;-;;
24/10/2002;5,25;-;;
25/10/2002;5,25;-;;
26/10/2002;5,25;-;;
27/10/2002;5,25;-;;
28/10/2002;5,25;-;;
29/10/2002;5,25;-;;
30/10/2002;5,25;-;;
31/10/2002;5,25;49,32;;
01/11/2002;5,25;-;;
02/11/2002;5,25;-;;
03/11/2002;5,25;-;;
04/11/2002;5,25;-;;
05/11/2002;5,25;-;;
06/11/2002;5,25;-;;
07/11/2002;5,25;-;;
08/11/2002;5,25;-;;
09/11/2002;5,25;-;;
10/11/2002;5,25;-;;
11/11/2002;5,25;-;;
12/11/2002;5,25;-;;
13/11/2002;5,25;-;;
14/11/2002;5,25;-;;
15/11/2002;5,25;-;;
16/11/2002;5,25;-;;
17/11/2002;5,25;-;;
18/11/2002;5,25;-;;
19/11/2002;5,25;-;;
20/11/2002;5,25;-;;
21/11/2002;5,25;-;;
22/11/2002;5,25;-;;
23/11/2002;5,25;-;;
24/11/2002;5,25;-;;
25/11/2002;5,25;-;;
26/11/2002;5,25;-;;
27/11/2002;5,25;-;;
28/11/2002;5,25;-;;
29/11/2002;5,25;-;;
30/11/2002;5,25;49,70;;
01/12/2002;5,25;-;;
02/12/2002;5,25;-;;
03/12/2002;5,25;-;;
04/12/2002;5,25;-;;
05/12/2002;5,25;-;;
06/12/2002;5,25;-;;
07/12/2002;5,25;-;;
08/12/2002;5,25;-;;
09/12/2002;5,25;-;;
10/12/2002;5,25;-;;
11/12/2002;5,25;-;;
12/12/2002;5,25;-;;
13/12/2002;5,25;-;;
14/12/2002;5,25;-;;
15/12/2002;5,25;-;;
16/12/2002;5,25;-;;
17/12/2002;5,25;-;;
18/12/2002;5,25;-;;
19/12/2002;5,25;-;;
20/12/2002;5,25;-;;
21/12/2002;5,25;-;;
22/12/2002;5,25;-;;
23/12/2002;5,25;-;;
24/12/2002;5,25;-;;
25/12/2002;5,25;-;;
26/12/2002;5,25;-;;
27/12/2002;5,25;-;;
28/12/2002;5,25;-;;
29/12/2002;5,25;-;;
30/12/2002;5,25;-;;
31/12/2002;5,25;49,83;;
01/01/2003;5,25;-;;
02/01/2003;5,25;-;;
03/01/2003;5,25;-;;
04/01/2003;5,25;-;;
05/01/2003;5,25;-;;
06/01/2003;5,25;-;;
07/01/2003;5,25;-;;
08/01/2003;5,25;-;;
09/01/2003;5,25;-;;
10/01/2003;5,25;-;;
11/01/2003;5,25;-;;
12/01/2003;5,25;-;;
13/01/2003;5,25;-;;
14/01/2003;5,25;-;;
15/01/2003;5,25;-;;
16/01/2003;5,25;-;;
17/01/2003;5,25;-;;
18/01/2003;5,25;-;;
19/01/2003;5,25;-;;
20/01/2003;6,25;-;;
21/01/2003;6,25;-;;
22/01/2003;6,25;-;;
23/01/2003;6,25;-;;
24/01/2003;6,25;-;;
25/01/2003;6,25;-;;
26/01/2003;6,25;-;;
27/01/2003;6,25;-;;
28/01/2003;6,25;-;;
29/01/2003;6,25;-;;
30/01/2003;6,25;-;;
31/01/2003;6,25;50,42;;
01/02/2003;6,25;-;;
02/02/2003;6,25;-;;
03/02/2003;6,25;-;;
04/02/2003;6,25;-;;
05/02/2003;6,25;-;;
06/02/2003;6,25;-;;
07/02/2003;6,25;-;;
08/02/2003;6,25;-;;
09/02/2003;6,25;-;;
10/02/2003;6,25;-;;
11/02/2003;6,25;-;;
12/02/2003;6,25;-;;
13/02/2003;6,25;-;;
14/02/2003;6,25;-;;
15/02/2003;6,25;-;;
16/02/2003;6,25;-;;
17/02/2003;6,25;-;;
18/02/2003;6,25;-;;
19/02/2003;6,25;-;;
20/02/2003;6,25;-;;
21/02/2003;6,25;-;;
22/02/2003;6,25;-;;
23/02/2003;6,25;-;;
24/02/2003;6,25;-;;
25/02/2003;6,25;-;;
26/02/2003;6,25;-;;
27/02/2003;6,25;-;;
28/02/2003;6,25;50,98;;
01/03/2003;6,25;-;;
02/03/2003;6,25;-;;
03/03/2003;6,25;-;;
04/03/2003;6,25;-;;
05/03/2003;6,25;-;;
06/03/2003;6,25;-;;
07/03/2003;6,25;-;;
08/03/2003;6,25;-;;
09/03/2003;6,25;-;;
10/03/2003;6,25;-;;
11/03/2003;6,25;-;;
12/03/2003;6,25;-;;
13/03/2003;6,25;-;;
14/03/2003;6,25;-;;
15/03/2003;6,25;-;;
16/03/2003;6,25;-;;
17/03/2003;6,25;-;;
18/03/2003;6,25;-;;
19/03/2003;6,25;-;;
20/03/2003;6,25;-;;
21/03/2003;6,25;-;;
22/03/2003;6,25;-;;
23/03/2003;6,25;-;;
24/03/2003;6,25;-;;
25/03/2003;6,25;-;;
26/03/2003;6,25;-;;
27/03/2003;6,25;-;;
28/03/2003;6,25;-;;
29/03/2003;6,25;-;;
30/03/2003;6,25;-;;
31/03/2003;6,25;51,51;;
01/04/2003;6,25;-;;
02/04/2003;6,25;-;;
03/04/2003;6,25;-;;
04/04/2003;6,25;-;;
05/04/2003;6,25;-;;
06/04/2003;6,25;-;;
07/04/2003;6,25;-;;
08/04/2003;6,25;-;;
09/04/2003;6,25;-;;
10/04/2003;6,25;-;;
11/04/2003;6,25;-;;
12/04/2003;6,25;-;;
13/04/2003;6,25;-;;
14/04/2003;6,25;-;;
15/04/2003;6,25;-;;
16/04/2003;6,25;-;;
17/04/2003;6,25;-;;
18/04/2003;6,25;-;;
19/04/2003;6,25;-;;
20/04/2003;6,25;-;;
21/04/2003;6,25;-;;
22/04/2003;6,25;-;;
23/04/2003;6,25;-;;
24/04/2003;6,25;-;;
25/04/2003;6,25;-;;
26/04/2003;6,25;-;;
27/04/2003;6,25;-;;
28/04/2003;6,25;-;;
29/04/2003;7,25;-;;
30/04/2003;7,25;52,10;;
01/05/2003;7,25;-;;
02/05/2003;7,25;-;;
03/05/2003;7,25;-;;
04/05/2003;7,25;-;;
05/05/2003;7,25;-;;
06/05/2003;7,25;-;;
07/05/2003;7,25;-;;
08/05/2003;7,25;-;;
09/05/2003;7,25;-;;
10/05/2003;7,25;-;;
11/05/2003;7,25;-;;
12/05/2003;7,25;-;;
13/05/2003;7,25;-;;
14/05/2003;7,25;-;;
15/05/2003;7,25;-;;
16/05/2003;7,25;-;;
17/05/2003;7,25;-;;
18/05/2003;7,25;-;;
19/05/2003;7,25;-;;
20/05/2003;7,25;-;;
21/05/2003;7,25;-;;
22/05/2003;7,25;-;;
23/05/2003;7,25;-;;
24/05/2003;7,25;-;;
25/05/2003;7,25;-;;
26/05/2003;7,25;-;;
27/05/2003;7,25;-;;
28/05/2003;7,25;-;;
29/05/2003;7,25;-;;
30/05/2003;7,25;-;;
31/05/2003;7,25;52,36;;
01/06/2003;7,25;-;;
02/06/2003;7,25;-;;
03/06/2003;7,25;-;;
04/06/2003;7,25;-;;
05/06/2003;7,25;-;;
06/06/2003;7,25;-;;
07/06/2003;7,25;-;;
08/06/2003;7,25;-;;
09/06/2003;7,25;-;;
10/06/2003;7,25;-;;
11/06/2003;7,25;-;;
12/06/2003;7,25;-;;
13/06/2003;7,25;-;;
14/06/2003;7,25;-;;
15/06/2003;7,25;-;;
16/06/2003;7,25;-;;
17/06/2003;7,25;-;;
18/06/2003;7,25;-;;
19/06/2003;7,25;-;;
20/06/2003;7,25;-;;
21/06/2003;7,25;-;;
22/06/2003;7,25;-;;
23/06/2003;7,25;-;;
24/06/2003;7,25;-;;
25/06/2003;7,25;-;;
26/06/2003;7,25;-;;
27/06/2003;7,25;-;;
28/06/2003;7,25;-;;
29/06/2003;7,25;-;;
30/06/2003;7,25;52,33;;
01/07/2003;7,25;-;;
02/07/2003;7,25;-;;
03/07/2003;7,25;-;;
04/07/2003;7,25;-;;
05/07/2003;7,25;-;;
06/07/2003;7,25;-;;
07/07/2003;7,25;-;;
08/07/2003;7,25;-;;
09/07/2003;7,25;-;;
10/07/2003;7,25;-;;
11/07/2003;7,25;-;;
12/07/2003;7,25;-;;
13/07/2003;7,25;-;;
14/07/2003;7,25;-;;
15/07/2003;7,25;-;;
16/07/2003;7,25;-;;
17/07/2003;7,25;-;;
18/07/2003;7,25;-;;
19/07/2003;7,25;-;;
20/07/2003;7,25;-;;
21/07/2003;7,25;-;;
22/07/2003;7,25;-;;
23/07/2003;7,25;-;;
24/07/2003;7,25;-;;
25/07/2003;7,25;-;;
26/07/2003;7,25;-;;
27/07/2003;7,25;-;;
28/07/2003;7,25;-;;
29/07/2003;7,25;-;;
30/07/2003;7,25;-;;
31/07/2003;7,25;52,26;;
01/08/2003;7,25;-;;
02/08/2003;7,25;-;;
03/08/2003;7,25;-;;
04/08/2003;7,25;-;;
05/08/2003;7,25;-;;
06/08/2003;7,25;-;;
07/08/2003;7,25;-;;
08/08/2003;7,25;-;;
09/08/2003;7,25;-;;
10/08/2003;7,25;-;;
11/08/2003;7,25;-;;
12/08/2003;7,25;-;;
13/08/2003;7,25;-;;
14/08/2003;7,25;-;;
15/08/2003;7,25;-;;
16/08/2003;7,25;-;;
17/08/2003;7,25;-;;
18/08/2003;7,25;-;;
19/08/2003;7,25;-;;
20/08/2003;7,25;-;;
21/08/2003;7,25;-;;
22/08/2003;7,25;-;;
23/08/2003;7,25;-;;
24/08/2003;7,25;-;;
25/08/2003;7,25;-;;
26/08/2003;7,25;-;;
27/08/2003;7,25;-;;
28/08/2003;7,25;-;;
29/08/2003;7,25;-;;
30/08/2003;7,25;-;;
31/08/2003;7,25;52,42;;
01/09/2003;7,25;-;;
02/09/2003;7,25;-;;
03/09/2003;7,25;-;;
04/09/2003;7,25;-;;
05/09/2003;7,25;-;;
06/09/2003;7,25;-;;
07/09/2003;7,25;-;;
08/09/2003;7,25;-;;
09/09/2003;7,25;-;;
10/09/2003;7,25;-;;
11/09/2003;7,25;-;;
12/09/2003;7,25;-;;
13/09/2003;7,25;-;;
14/09/2003;7,25;-;;
15/09/2003;7,25;-;;
16/09/2003;7,25;-;;
17/09/2003;7,25;-;;
18/09/2003;7,25;-;;
19/09/2003;7,25;-;;
20/09/2003;7,25;-;;
21/09/2003;7,25;-;;
22/09/2003;7,25;-;;
23/09/2003;7,25;-;;
24/09/2003;7,25;-;;
25/09/2003;7,25;-;;
26/09/2003;7,25;-;;
27/09/2003;7,25;-;;
28/09/2003;7,25;-;;
29/09/2003;7,25;-;;
30/09/2003;7,25;52,53;;
01/10/2003;7,25;-;;
02/10/2003;7,25;-;;
03/10/2003;7,25;-;;
04/10/2003;7,25;-;;
05/10/2003;7,25;-;;
06/10/2003;7,25;-;;
07/10/2003;7,25;-;;
08/10/2003;7,25;-;;
09/10/2003;7,25;-;;
10/10/2003;7,25;-;;
11/10/2003;7,25;-;;
12/10/2003;7,25;-;;
13/10/2003;7,25;-;;
14/10/2003;7,25;-;;
15/10/2003;7,25;-;;
16/10/2003;7,25;-;;
17/10/2003;7,25;-;;
18/10/2003;7,25;-;;
19/10/2003;7,25;-;;
20/10/2003;7,25;-;;
21/10/2003;7,25;-;;
22/10/2003;7,25;-;;
23/10/2003;7,25;-;;
24/10/2003;7,25;-;;
25/10/2003;7,25;-;;
26/10/2003;7,25;-;;
27/10/2003;7,25;-;;
28/10/2003;7,25;-;;
29/10/2003;7,25;-;;
30/10/2003;7,25;-;;
31/10/2003;7,25;52,56;;
01/11/2003;7,25;-;;
02/11/2003;7,25;-;;
03/11/2003;7,25;-;;
04/11/2003;7,25;-;;
05/11/2003;7,25;-;;
06/11/2003;7,25;-;;
07/11/2003;7,25;-;;
08/11/2003;7,25;-;;
09/11/2003;7,25;-;;
10/11/2003;7,25;-;;
11/11/2003;7,25;-;;
12/11/2003;7,25;-;;
13/11/2003;7,25;-;;
14/11/2003;7,25;-;;
15/11/2003;7,25;-;;
16/11/2003;7,25;-;;
17/11/2003;7,25;-;;
18/11/2003;7,25;-;;
19/11/2003;7,25;-;;
20/11/2003;7,25;-;;
21/11/2003;7,25;-;;
22/11/2003;7,25;-;;
23/11/2003;7,25;-;;
24/11/2003;7,25;-;;
25/11/2003;7,25;-;;
26/11/2003;7,25;-;;
27/11/2003;7,25;-;;
28/11/2003;7,25;-;;
29/11/2003;7,25;-;;
30/11/2003;7,25;52,75;;
01/12/2003;7,25;-;;
02/12/2003;7,25;-;;
03/12/2003;7,25;-;;
04/12/2003;7,25;-;;
05/12/2003;7,25;-;;
06/12/2003;7,25;-;;
07/12/2003;7,25;-;;
08/12/2003;7,25;-;;
09/12/2003;7,25;-;;
10/12/2003;7,25;-;;
11/12/2003;7,25;-;;
12/12/2003;7,25;-;;
13/12/2003;7,25;-;;
14/12/2003;7,25;-;;
15/12/2003;7,25;-;;
16/12/2003;7,25;-;;
17/12/2003;7,25;-;;
18/12/2003;7,25;-;;
19/12/2003;7,25;-;;
20/12/2003;7,25;-;;
21/12/2003;7,25;-;;
22/12/2003;7,25;-;;
23/12/2003;7,25;-;;
24/12/2003;7,25;-;;
25/12/2003;7,25;-;;
26/12/2003;7,25;-;;
27/12/2003;7,25;-;;
28/12/2003;7,25;-;;
29/12/2003;7,25;-;;
30/12/2003;7,25;-;;
31/12/2003;7,25;53,07;;
01/01/2004;7,25;-;;
02/01/2004;7,25;-;;
03/01/2004;7,25;-;;
04/01/2004;7,25;-;;
05/01/2004;7,25;-;;
06/01/2004;7,25;-;;
07/01/2004;7,25;-;;
08/01/2004;7,25;-;;
09/01/2004;7,25;-;;
10/01/2004;7,25;-;;
11/01/2004;7,25;-;;
12/01/2004;7,25;-;;
13/01/2004;7,25;-;;
14/01/2004;7,25;-;;
15/01/2004;7,25;-;;
16/01/2004;7,25;-;;
17/01/2004;7,25;-;;
18/01/2004;7,25;-;;
19/01/2004;7,25;-;;
20/01/2004;7,25;-;;
21/01/2004;7,25;-;;
22/01/2004;7,25;-;;
23/01/2004;7,25;-;;
24/01/2004;7,25;-;;
25/01/2004;7,25;-;;
26/01/2004;7,25;-;;
27/01/2004;7,25;-;;
28/01/2004;7,25;-;;
29/01/2004;7,25;-;;
30/01/2004;7,25;-;;
31/01/2004;7,25;53,54;;
01/02/2004;7,25;-;;
02/02/2004;7,25;-;;
03/02/2004;7,25;-;;
04/02/2004;7,25;-;;
05/02/2004;7,25;-;;
06/02/2004;7,25;-;;
07/02/2004;7,25;-;;
08/02/2004;7,25;-;;
09/02/2004;7,25;-;;
10/02/2004;7,25;-;;
11/02/2004;7,25;-;;
12/02/2004;7,25;-;;
13/02/2004;7,25;-;;
14/02/2004;7,25;-;;
15/02/2004;7,25;-;;
16/02/2004;7,25;-;;
17/02/2004;7,25;-;;
18/02/2004;7,25;-;;
19/02/2004;7,25;-;;
20/02/2004;7,25;-;;
21/02/2004;7,25;-;;
22/02/2004;7,25;-;;
23/02/2004;7,00;-;;
24/02/2004;7,00;-;;
25/02/2004;7,00;-;;
26/02/2004;7,00;-;;
27/02/2004;7,00;-;;
28/02/2004;7,00;-;;
29/02/2004;7,00;54,18;;
01/03/2004;7,00;-;;
02/03/2004;7,00;-;;
03/03/2004;7,00;-;;
04/03/2004;7,00;-;;
05/03/2004;7,00;-;;
06/03/2004;7,00;-;;
07/03/2004;7,00;-;;
08/03/2004;7,00;-;;
09/03/2004;7,00;-;;
10/03/2004;7,00;-;;
11/03/2004;7,00;-;;
12/03/2004;7,00;-;;
13/03/2004;7,00;-;;
14/03/2004;7,00;-;;
15/03/2004;7,00;-;;
16/03/2004;7,00;-;;
17/03/2004;7,00;-;;
18/03/2004;7,00;-;;
19/03/2004;7,00;-;;
20/03/2004;7,00;-;;
21/03/2004;7,00;-;;
22/03/2004;7,00;-;;
23/03/2004;6,75;-;;
24/03/2004;6,75;-;;
25/03/2004;6,75;-;;
26/03/2004;6,75;-;;
27/03/2004;6,75;-;;
28/03/2004;6,75;-;;
29/03/2004;6,75;-;;
30/03/2004;6,75;-;;
31/03/2004;6,75;54,71;;
01/04/2004;6,75;-;;
02/04/2004;6,75;-;;
03/04/2004;6,75;-;;
04/04/2004;6,75;-;;
05/04/2004;6,75;-;;
06/04/2004;6,75;-;;
07/04/2004;6,75;-;;
08/04/2004;6,75;-;;
09/04/2004;6,75;-;;
10/04/2004;6,75;-;;
11/04/2004;6,75;-;;
12/04/2004;6,75;-;;
13/04/2004;6,75;-;;
14/04/2004;6,75;-;;
15/04/2004;6,75;-;;
16/04/2004;6,75;-;;
17/04/2004;6,75;-;;
18/04/2004;6,75;-;;
19/04/2004;6,75;-;;
20/04/2004;6,75;-;;
21/04/2004;6,75;-;;
22/04/2004;6,75;-;;
23/04/2004;6,75;-;;
24/04/2004;6,75;-;;
25/04/2004;6,75;-;;
26/04/2004;6,75;-;;
27/04/2004;6,75;-;;
28/04/2004;6,75;-;;
29/04/2004;6,75;-;;
30/04/2004;6,75;54,96;;
01/05/2004;6,75;-;;
02/05/2004;6,75;-;;
03/05/2004;6,75;-;;
04/05/2004;6,75;-;;
05/05/2004;6,75;-;;
06/05/2004;6,75;-;;
07/05/2004;6,75;-;;
08/05/2004;6,75;-;;
09/05/2004;6,75;-;;
10/05/2004;6,75;-;;
11/05/2004;6,75;-;;
12/05/2004;6,75;-;;
13/05/2004;6,75;-;;
14/05/2004;6,75;-;;
15/05/2004;6,75;-;;
16/05/2004;6,75;-;;
17/05/2004;6,75;-;;
18/05/2004;6,75;-;;
19/05/2004;6,75;-;;
20/05/2004;6,75;-;;
21/05/2004;6,75;-;;
22/05/2004;6,75;-;;
23/05/2004;6,75;-;;
24/05/2004;6,75;-;;
25/05/2004;6,75;-;;
26/05/2004;6,75;-;;
27/05/2004;6,75;-;;
28/05/2004;6,75;-;;
29/05/2004;6,75;-;;
30/05/2004;6,75;-;;
31/05/2004;6,75;55,17;;
01/06/2004;6,75;-;;
02/06/2004;6,75;-;;
03/06/2004;6,75;-;;
04/06/2004;6,75;-;;
05/06/2004;6,75;-;;
06/06/2004;6,75;-;;
07/06/2004;6,75;-;;
08/06/2004;6,75;-;;
09/06/2004;6,75;-;;
10/06/2004;6,75;-;;
11/06/2004;6,75;-;;
12/06/2004;6,75;-;;
13/06/2004;6,75;-;;
14/06/2004;6,75;-;;
15/06/2004;6,75;-;;
16/06/2004;6,75;-;;
17/06/2004;6,75;-;;
18/06/2004;6,75;-;;
19/06/2004;6,75;-;;
20/06/2004;6,75;-;;
21/06/2004;6,75;-;;
22/06/2004;6,75;-;;
23/06/2004;6,75;-;;
24/06/2004;6,75;-;;
25/06/2004;6,75;-;;
26/06/2004;6,75;-;;
27/06/2004;6,75;-;;
28/06/2004;6,75;-;;
29/06/2004;6,75;-;;
30/06/2004;6,75;55,51;;
01/07/2004;6,75;-;;
02/07/2004;6,75;-;;
03/07/2004;6,75;-;;
04/07/2004;6,75;-;;
05/07/2004;6,75;-;;
06/07/2004;6,75;-;;
07/07/2004;6,75;-;;
08/07/2004;6,75;-;;
09/07/2004;6,75;-;;
10/07/2004;6,75;-;;
11/07/2004;6,75;-;;
12/07/2004;6,75;-;;
13/07/2004;6,75;-;;
14/07/2004;6,75;-;;
15/07/2004;6,75;-;;
16/07/2004;6,75;-;;
17/07/2004;6,75;-;;
18/07/2004;6,75;-;;
19/07/2004;6,75;-;;
20/07/2004;6,75;-;;
21/07/2004;6,75;-;;
22/07/2004;6,75;-;;
23/07/2004;6,75;-;;
24/07/2004;6,75;-;;
25/07/2004;6,75;-;;
26/07/2004;6,75;-;;
27/07/2004;6,75;-;;
28/07/2004;6,75;-;;
29/07/2004;6,75;-;;
30/07/2004;6,75;-;;
31/07/2004;6,75;55,49;;
01/08/2004;6,75;-;;
02/08/2004;6,75;-;;
03/08/2004;6,75;-;;
04/08/2004;6,75;-;;
05/08/2004;6,75;-;;
06/08/2004;6,75;-;;
07/08/2004;6,75;-;;
08/08/2004;6,75;-;;
09/08/2004;6,75;-;;
10/08/2004;6,75;-;;
11/08/2004;6,75;-;;
12/08/2004;6,75;-;;
13/08/2004;6,75;-;;
14/08/2004;6,75;-;;
15/08/2004;6,75;-;;
16/08/2004;6,75;-;;
17/08/2004;6,75;-;;
18/08/2004;6,75;-;;
19/08/2004;6,75;-;;
20/08/2004;6,75;-;;
21/08/2004;6,75;-;;
22/08/2004;6,75;-;;
23/08/2004;6,75;-;;
24/08/2004;6,75;-;;
25/08/2004;6,75;-;;
26/08/2004;6,75;-;;
27/08/2004;6,75;-;;
28/08/2004;6,75;-;;
29/08/2004;6,75;-;;
30/08/2004;6,75;-;;
31/08/2004;6,75;55,51;;
01/09/2004;6,75;-;;
02/09/2004;6,75;-;;
03/09/2004;6,75;-;;
04/09/2004;6,75;-;;
05/09/2004;6,75;-;;
06/09/2004;6,75;-;;
07/09/2004;6,75;-;;
08/09/2004;6,75;-;;
09/09/2004;6,75;-;;
10/09/2004;6,75;-;;
11/09/2004;6,75;-;;
12/09/2004;6,75;-;;
13/09/2004;6,75;-;;
14/09/2004;6,75;-;;
15/09/2004;6,75;-;;
16/09/2004;6,75;-;;
17/09/2004;6,75;-;;
18/09/2004;6,75;-;;
19/09/2004;6,75;-;;
20/09/2004;6,75;-;;
21/09/2004;6,75;-;;
22/09/2004;6,75;-;;
23/09/2004;6,75;-;;
24/09/2004;6,75;-;;
25/09/2004;6,75;-;;
26/09/2004;6,75;-;;
27/09/2004;6,75;-;;
28/09/2004;6,75;-;;
29/09/2004;6,75;-;;
30/09/2004;6,75;55,67;;
01/10/2004;6,75;-;;
02/10/2004;6,75;-;;
03/10/2004;6,75;-;;
04/10/2004;6,75;-;;
05/10/2004;6,75;-;;
06/10/2004;6,75;-;;
07/10/2004;6,75;-;;
08/10/2004;6,75;-;;
09/10/2004;6,75;-;;
10/10/2004;6,75;-;;
11/10/2004;6,75;-;;
12/10/2004;6,75;-;;
13/10/2004;6,75;-;;
14/10/2004;6,75;-;;
15/10/2004;6,75;-;;
16/10/2004;6,75;-;;
17/10/2004;6,75;-;;
18/10/2004;6,75;-;;
19/10/2004;6,75;-;;
20/10/2004;6,75;-;;
21/10/2004;6,75;-;;
22/10/2004;6,75;-;;
23/10/2004;6,75;-;;
24/10/2004;6,75;-;;
25/10/2004;6,75;-;;
26/10/2004;6,75;-;;
27/10/2004;6,75;-;;
28/10/2004;6,75;-;;
29/10/2004;6,75;-;;
30/10/2004;6,75;-;;
31/10/2004;6,75;55,66;;
01/11/2004;6,75;-;;
02/11/2004;6,75;-;;
03/11/2004;6,75;-;;
04/11/2004;6,75;-;;
05/11/2004;6,75;-;;
06/11/2004;6,75;-;;
07/11/2004;6,75;-;;
08/11/2004;6,75;-;;
09/11/2004;6,75;-;;
10/11/2004;6,75;-;;
11/11/2004;6,75;-;;
12/11/2004;6,75;-;;
13/11/2004;6,75;-;;
14/11/2004;6,75;-;;
15/11/2004;6,75;-;;
16/11/2004;6,75;-;;
17/11/2004;6,75;-;;
18/11/2004;6,75;-;;
19/11/2004;6,75;-;;
20/11/2004;6,75;-;;
21/11/2004;6,75;-;;
22/11/2004;6,75;-;;
23/11/2004;6,75;-;;
24/11/2004;6,75;-;;
25/11/2004;6,75;-;;
26/11/2004;6,75;-;;
27/11/2004;6,75;-;;
28/11/2004;6,75;-;;
29/11/2004;6,75;-;;
30/11/2004;6,75;55,82;;
01/12/2004;6,75;-;;
02/12/2004;6,75;-;;
03/12/2004;6,75;-;;
04/12/2004;6,75;-;;
05/12/2004;6,75;-;;
06/12/2004;6,75;-;;
07/12/2004;6,75;-;;
08/12/2004;6,75;-;;
09/12/2004;6,75;-;;
10/12/2004;6,75;-;;
11/12/2004;6,75;-;;
12/12/2004;6,75;-;;
13/12/2004;6,75;-;;
14/12/2004;6,75;-;;
15/12/2004;6,75;-;;
16/12/2004;6,75;-;;
17/12/2004;6,75;-;;
18/12/2004;6,75;-;;
19/12/2004;6,75;-;;
20/12/2004;6,50;-;;
21/12/2004;6,50;-;;
22/12/2004;6,50;-;;
23/12/2004;6,50;-;;
24/12/2004;6,50;-;;
25/12/2004;6,50;-;;
26/12/2004;6,50;-;;
27/12/2004;6,50;-;;
28/12/2004;6,50;-;;
29/12/2004;6,50;-;;
30/12/2004;6,50;-;;
31/12/2004;6,50;55,99;;
01/01/2005;6,50;-;;
02/01/2005;6,50;-;;
03/01/2005;6,50;-;;
04/01/2005;6,50;-;;
05/01/2005;6,50;-;;
06/01/2005;6,50;-;;
07/01/2005;6,50;-;;
08/01/2005;6,50;-;;
09/01/2005;6,50;-;;
10/01/2005;6,50;-;;
11/01/2005;6,50;-;;
12/01/2005;6,50;-;;
13/01/2005;6,50;-;;
14/01/2005;6,50;-;;
15/01/2005;6,50;-;;
16/01/2005;6,50;-;;
17/01/2005;6,50;-;;
18/01/2005;6,50;-;;
19/01/2005;6,50;-;;
20/01/2005;6,50;-;;
21/01/2005;6,50;-;;
22/01/2005;6,50;-;;
23/01/2005;6,50;-;;
24/01/2005;6,50;-;;
25/01/2005;6,50;-;;
26/01/2005;6,50;-;;
27/01/2005;6,50;-;;
28/01/2005;6,50;-;;
29/01/2005;6,50;-;;
30/01/2005;6,50;-;;
31/01/2005;6,50;56,45;;
01/02/2005;6,50;-;;
02/02/2005;6,50;-;;
03/02/2005;6,50;-;;
04/02/2005;6,50;-;;
05/02/2005;6,50;-;;
06/02/2005;6,50;-;;
07/02/2005;6,50;-;;
08/02/2005;6,50;-;;
09/02/2005;6,50;-;;
10/02/2005;6,50;-;;
11/02/2005;6,50;-;;
12/02/2005;6,50;-;;
13/02/2005;6,50;-;;
14/02/2005;6,50;-;;
15/02/2005;6,50;-;;
16/02/2005;6,50;-;;
17/02/2005;6,50;-;;
18/02/2005;6,50;-;;
19/02/2005;6,50;-;;
20/02/2005;6,50;-;;
21/02/2005;6,50;-;;
22/02/2005;6,50;-;;
23/02/2005;6,50;-;;
24/02/2005;6,50;-;;
25/02/2005;6,50;-;;
26/02/2005;6,50;-;;
27/02/2005;6,50;-;;
28/02/2005;6,50;57,02;;
01/03/2005;6,50;-;;
02/03/2005;6,50;-;;
03/03/2005;6,50;-;;
04/03/2005;6,50;-;;
05/03/2005;6,50;-;;
06/03/2005;6,50;-;;
07/03/2005;6,50;-;;
08/03/2005;6,50;-;;
09/03/2005;6,50;-;;
10/03/2005;6,50;-;;
11/03/2005;6,50;-;;
12/03/2005;6,50;-;;
13/03/2005;6,50;-;;
14/03/2005;6,50;-;;
15/03/2005;6,50;-;;
16/03/2005;6,50;-;;
17/03/2005;6,50;-;;
18/03/2005;6,50;-;;
19/03/2005;6,50;-;;
20/03/2005;6,50;-;;
21/03/2005;6,50;-;;
22/03/2005;6,50;-;;
23/03/2005;6,50;-;;
24/03/2005;6,50;-;;
25/03/2005;6,50;-;;
26/03/2005;6,50;-;;
27/03/2005;6,50;-;;
28/03/2005;6,50;-;;
29/03/2005;6,50;-;;
30/03/2005;6,50;-;;
31/03/2005;6,50;57,46;;
01/04/2005;6,50;-;;
02/04/2005;6,50;-;;
03/04/2005;6,50;-;;
04/04/2005;6,50;-;;
05/04/2005;6,50;-;;
06/04/2005;6,50;-;;
07/04/2005;6,50;-;;
08/04/2005;6,50;-;;
09/04/2005;6,50;-;;
10/04/2005;6,50;-;;
11/04/2005;6,50;-;;
12/04/2005;6,50;-;;
13/04/2005;6,50;-;;
14/04/2005;6,50;-;;
15/04/2005;6,50;-;;
16/04/2005;6,50;-;;
17/04/2005;6,50;-;;
18/04/2005;6,50;-;;
19/04/2005;6,50;-;;
20/04/2005;6,50;-;;
21/04/2005;6,50;-;;
22/04/2005;6,50;-;;
23/04/2005;6,50;-;;
24/04/2005;6,50;-;;
25/04/2005;6,50;-;;
26/04/2005;6,50;-;;
27/04/2005;6,50;-;;
28/04/2005;6,50;-;;
29/04/2005;6,50;-;;
30/04/2005;6,50;57,72;;
01/05/2005;6,50;-;;
02/05/2005;6,50;-;;
03/05/2005;6,50;-;;
04/05/2005;6,50;-;;
05/05/2005;6,50;-;;
06/05/2005;6,50;-;;
07/05/2005;6,50;-;;
08/05/2005;6,50;-;;
09/05/2005;6,50;-;;
10/05/2005;6,50;-;;
11/05/2005;6,50;-;;
12/05/2005;6,50;-;;
13/05/2005;6,50;-;;
14/05/2005;6,50;-;;
15/05/2005;6,50;-;;
16/05/2005;6,50;-;;
17/05/2005;6,50;-;;
18/05/2005;6,50;-;;
19/05/2005;6,50;-;;
20/05/2005;6,50;-;;
21/05/2005;6,50;-;;
22/05/2005;6,50;-;;
23/05/2005;6,50;-;;
24/05/2005;6,50;-;;
25/05/2005;6,50;-;;
26/05/2005;6,50;-;;
27/05/2005;6,50;-;;
28/05/2005;6,50;-;;
29/05/2005;6,50;-;;
30/05/2005;6,50;-;;
31/05/2005;6,50;57,95;;
01/06/2005;6,50;-;;
02/06/2005;6,50;-;;
03/06/2005;6,50;-;;
04/06/2005;6,50;-;;
05/06/2005;6,50;-;;
06/06/2005;6,50;-;;
07/06/2005;6,50;-;;
08/06/2005;6,50;-;;
09/06/2005;6,50;-;;
10/06/2005;6,50;-;;
11/06/2005;6,50;-;;
12/06/2005;6,50;-;;
13/06/2005;6,50;-;;
14/06/2005;6,50;-;;
15/06/2005;6,50;-;;
16/06/2005;6,50;-;;
17/06/2005;6,50;-;;
18/06/2005;6,50;-;;
19/06/2005;6,50;-;;
20/06/2005;6,50;-;;
21/06/2005;6,50;-;;
22/06/2005;6,50;-;;
23/06/2005;6,50;-;;
24/06/2005;6,50;-;;
25/06/2005;6,50;-;;
26/06/2005;6,50;-;;
27/06/2005;6,50;-;;
28/06/2005;6,50;-;;
29/06/2005;6,50;-;;
30/06/2005;6,50;58,18;;
01/07/2005;6,50;-;;
02/07/2005;6,50;-;;
03/07/2005;6,50;-;;
04/07/2005;6,50;-;;
05/07/2005;6,50;-;;
06/07/2005;6,50;-;;
07/07/2005;6,50;-;;
08/07/2005;6,50;-;;
09/07/2005;6,50;-;;
10/07/2005;6,50;-;;
11/07/2005;6,50;-;;
12/07/2005;6,50;-;;
13/07/2005;6,50;-;;
14/07/2005;6,50;-;;
15/07/2005;6,50;-;;
16/07/2005;6,50;-;;
17/07/2005;6,50;-;;
18/07/2005;6,50;-;;
19/07/2005;6,50;-;;
20/07/2005;6,50;-;;
21/07/2005;6,50;-;;
22/07/2005;6,50;-;;
23/07/2005;6,50;-;;
24/07/2005;6,50;-;;
25/07/2005;6,50;-;;
26/07/2005;6,50;-;;
27/07/2005;6,50;-;;
28/07/2005;6,50;-;;
29/07/2005;6,50;-;;
30/07/2005;6,50;-;;
31/07/2005;6,50;58,21;;
01/08/2005;6,50;-;;
02/08/2005;6,50;-;;
03/08/2005;6,50;-;;
04/08/2005;6,50;-;;
05/08/2005;6,50;-;;
06/08/2005;6,50;-;;
07/08/2005;6,50;-;;
08/08/2005;6,50;-;;
09/08/2005;6,50;-;;
10/08/2005;6,50;-;;
11/08/2005;6,50;-;;
12/08/2005;6,50;-;;
13/08/2005;6,50;-;;
14/08/2005;6,50;-;;
15/08/2005;6,50;-;;
16/08/2005;6,50;-;;
17/08/2005;6,50;-;;
18/08/2005;6,50;-;;
19/08/2005;6,50;-;;
20/08/2005;6,50;-;;
21/08/2005;6,50;-;;
22/08/2005;6,50;-;;
23/08/2005;6,50;-;;
24/08/2005;6,50;-;;
25/08/2005;6,50;-;;
26/08/2005;6,50;-;;
27/08/2005;6,50;-;;
28/08/2005;6,50;-;;
29/08/2005;6,50;-;;
30/08/2005;6,50;-;;
31/08/2005;6,50;58,21;;
01/09/2005;6,50;-;;
02/09/2005;6,50;-;;
03/09/2005;6,50;-;;
04/09/2005;6,50;-;;
05/09/2005;6,50;-;;
06/09/2005;6,50;-;;
07/09/2005;6,50;-;;
08/09/2005;6,50;-;;
09/09/2005;6,50;-;;
10/09/2005;6,50;-;;
11/09/2005;6,50;-;;
12/09/2005;6,50;-;;
13/09/2005;6,50;-;;
14/09/2005;6,50;-;;
15/09/2005;6,50;-;;
16/09/2005;6,50;-;;
17/09/2005;6,50;-;;
18/09/2005;6,50;-;;
19/09/2005;6,00;-;;
20/09/2005;6,00;-;;
21/09/2005;6,00;-;;
22/09/2005;6,00;-;;
23/09/2005;6,00;-;;
24/09/2005;6,00;-;;
25/09/2005;6,00;-;;
26/09/2005;6,00;-;;
27/09/2005;6,00;-;;
28/09/2005;6,00;-;;
29/09/2005;6,00;-;;
30/09/2005;6,00;58,46;;
01/10/2005;6,00;-;;
02/10/2005;6,00;-;;
03/10/2005;6,00;-;;
04/10/2005;6,00;-;;
05/10/2005;6,00;-;;
06/10/2005;6,00;-;;
07/10/2005;6,00;-;;
08/10/2005;6,00;-;;
09/10/2005;6,00;-;;
10/10/2005;6,00;-;;
11/10/2005;6,00;-;;
12/10/2005;6,00;-;;
13/10/2005;6,00;-;;
14/10/2005;6,00;-;;
15/10/2005;6,00;-;;
16/10/2005;6,00;-;;
17/10/2005;6,00;-;;
18/10/2005;6,00;-;;
19/10/2005;6,00;-;;
20/10/2005;6,00;-;;
21/10/2005;6,00;-;;
22/10/2005;6,00;-;;
23/10/2005;6,00;-;;
24/10/2005;6,00;-;;
25/10/2005;6,00;-;;
26/10/2005;6,00;-;;
27/10/2005;6,00;-;;
28/10/2005;6,00;-;;
29/10/2005;6,00;-;;
30/10/2005;6,00;-;;
31/10/2005;6,00;58,60;;
01/11/2005;6,00;-;;
02/11/2005;6,00;-;;
03/11/2005;6,00;-;;
04/11/2005;6,00;-;;
05/11/2005;6,00;-;;
06/11/2005;6,00;-;;
07/11/2005;6,00;-;;
08/11/2005;6,00;-;;
09/11/2005;6,00;-;;
10/11/2005;6,00;-;;
11/11/2005;6,00;-;;
12/11/2005;6,00;-;;
13/11/2005;6,00;-;;
14/11/2005;6,00;-;;
15/11/2005;6,00;-;;
16/11/2005;6,00;-;;
17/11/2005;6,00;-;;
18/11/2005;6,00;-;;
19/11/2005;6,00;-;;
20/11/2005;6,00;-;;
21/11/2005;6,00;-;;
22/11/2005;6,00;-;;
23/11/2005;6,00;-;;
24/11/2005;6,00;-;;
25/11/2005;6,00;-;;
26/11/2005;6,00;-;;
27/11/2005;6,00;-;;
28/11/2005;6,00;-;;
29/11/2005;6,00;-;;
30/11/2005;6,00;58,66;;
01/12/2005;6,00;-;;
02/12/2005;6,00;-;;
03/12/2005;6,00;-;;
04/12/2005;6,00;-;;
05/12/2005;6,00;-;;
06/12/2005;6,00;-;;
07/12/2005;6,00;-;;
08/12/2005;6,00;-;;
09/12/2005;6,00;-;;
10/12/2005;6,00;-;;
11/12/2005;6,00;-;;
12/12/2005;6,00;-;;
13/12/2005;6,00;-;;
14/12/2005;6,00;-;;
15/12/2005;6,00;-;;
16/12/2005;6,00;-;;
17/12/2005;6,00;-;;
18/12/2005;6,00;-;;
19/12/2005;6,00;-;;
20/12/2005;6,00;-;;
21/12/2005;6,00;-;;
22/12/2005;6,00;-;;
23/12/2005;6,00;-;;
24/12/2005;6,00;-;;
25/12/2005;6,00;-;;
26/12/2005;6,00;-;;
27/12/2005;6,00;-;;
28/12/2005;6,00;-;;
29/12/2005;6,00;-;;
30/12/2005;6,00;-;;
31/12/2005;6,00;58,70;;
01/01/2006;6,00;-;;
02/01/2006;6,00;-;;
03/01/2006;6,00;-;;
04/01/2006;6,00;-;;
05/01/2006;6,00;-;;
06/01/2006;6,00;-;;
07/01/2006;6,00;-;;
08/01/2006;6,00;-;;
09/01/2006;6,00;-;;
10/01/2006;6,00;-;;
11/01/2006;6,00;-;;
12/01/2006;6,00;-;;
13/01/2006;6,00;-;;
14/01/2006;6,00;-;;
15/01/2006;6,00;-;;
16/01/2006;6,00;-;;
17/01/2006;6,00;-;;
18/01/2006;6,00;-;;
19/01/2006;6,00;-;;
20/01/2006;6,00;-;;
21/01/2006;6,00;-;;
22/01/2006;6,00;-;;
23/01/2006;6,00;-;;
24/01/2006;6,00;-;;
25/01/2006;6,00;-;;
26/01/2006;6,00;-;;
27/01/2006;6,00;-;;
28/01/2006;6,00;-;;
29/01/2006;6,00;-;;
30/01/2006;6,00;-;;
31/01/2006;6,00;59,02;;
01/02/2006;6,00;-;;
02/02/2006;6,00;-;;
03/02/2006;6,00;-;;
04/02/2006;6,00;-;;
05/02/2006;6,00;-;;
06/02/2006;6,00;-;;
07/02/2006;6,00;-;;
08/02/2006;6,00;-;;
09/02/2006;6,00;-;;
10/02/2006;6,00;-;;
11/02/2006;6,00;-;;
12/02/2006;6,00;-;;
13/02/2006;6,00;-;;
14/02/2006;6,00;-;;
15/02/2006;6,00;-;;
16/02/2006;6,00;-;;
17/02/2006;6,00;-;;
18/02/2006;6,00;-;;
19/02/2006;6,00;-;;
20/02/2006;6,00;-;;
21/02/2006;6,00;-;;
22/02/2006;6,00;-;;
23/02/2006;6,00;-;;
24/02/2006;6,00;-;;
25/02/2006;6,00;-;;
26/02/2006;6,00;-;;
27/02/2006;6,00;-;;
28/02/2006;6,00;59,41;;
01/03/2006;6,00;-;;
02/03/2006;6,00;-;;
03/03/2006;6,00;-;;
04/03/2006;6,00;-;;
05/03/2006;6,00;-;;
06/03/2006;6,00;-;;
07/03/2006;6,00;-;;
08/03/2006;6,00;-;;
09/03/2006;6,00;-;;
10/03/2006;6,00;-;;
11/03/2006;6,00;-;;
12/03/2006;6,00;-;;
13/03/2006;6,00;-;;
14/03/2006;6,00;-;;
15/03/2006;6,00;-;;
16/03/2006;6,00;-;;
17/03/2006;6,00;-;;
18/03/2006;6,00;-;;
19/03/2006;6,00;-;;
20/03/2006;6,00;-;;
21/03/2006;6,00;-;;
22/03/2006;6,00;-;;
23/03/2006;6,00;-;;
24/03/2006;6,00;-;;
25/03/2006;6,00;-;;
26/03/2006;6,00;-;;
27/03/2006;6,00;-;;
28/03/2006;6,00;-;;
29/03/2006;6,00;-;;
30/03/2006;6,00;-;;
31/03/2006;6,00;59,83;;
01/04/2006;6,00;-;;
02/04/2006;6,00;-;;
03/04/2006;6,00;-;;
04/04/2006;6,00;-;;
05/04/2006;6,00;-;;
06/04/2006;6,00;-;;
07/04/2006;6,00;-;;
08/04/2006;6,00;-;;
09/04/2006;6,00;-;;
10/04/2006;6,00;-;;
11/04/2006;6,00;-;;
12/04/2006;6,00;-;;
13/04/2006;6,00;-;;
14/04/2006;6,00;-;;
15/04/2006;6,00;-;;
16/04/2006;6,00;-;;
17/04/2006;6,00;-;;
18/04/2006;6,00;-;;
19/04/2006;6,00;-;;
20/04/2006;6,00;-;;
21/04/2006;6,00;-;;
22/04/2006;6,00;-;;
23/04/2006;6,00;-;;
24/04/2006;6,00;-;;
25/04/2006;6,00;-;;
26/04/2006;6,00;-;;
27/04/2006;6,00;-;;
28/04/2006;6,00;-;;
29/04/2006;6,00;-;;
30/04/2006;6,00;60,09;;
01/05/2006;6,00;-;;
02/05/2006;6,25;-;;
03/05/2006;6,25;-;;
04/05/2006;6,25;-;;
05/05/2006;6,25;-;;
06/05/2006;6,25;-;;
07/05/2006;6,25;-;;
08/05/2006;6,25;-;;
09/05/2006;6,25;-;;
10/05/2006;6,25;-;;
11/05/2006;6,25;-;;
12/05/2006;6,25;-;;
13/05/2006;6,25;-;;
14/05/2006;6,25;-;;
15/05/2006;6,25;-;;
16/05/2006;6,25;-;;
17/05/2006;6,25;-;;
18/05/2006;6,25;-;;
19/05/2006;6,25;-;;
20/05/2006;6,25;-;;
21/05/2006;6,25;-;;
22/05/2006;6,25;-;;
23/05/2006;6,25;-;;
24/05/2006;6,25;-;;
25/05/2006;6,25;-;;
26/05/2006;6,25;-;;
27/05/2006;6,25;-;;
28/05/2006;6,25;-;;
29/05/2006;6,25;-;;
30/05/2006;6,25;-;;
31/05/2006;6,25;60,29;;
01/06/2006;6,25;-;;
02/06/2006;6,25;-;;
03/06/2006;6,25;-;;
04/06/2006;6,25;-;;
05/06/2006;6,25;-;;
06/06/2006;6,25;-;;
07/06/2006;6,25;-;;
08/06/2006;6,25;-;;
09/06/2006;6,25;-;;
10/06/2006;6,25;-;;
11/06/2006;6,25;-;;
12/06/2006;6,25;-;;
13/06/2006;6,25;-;;
14/06/2006;6,25;-;;
15/06/2006;6,25;-;;
16/06/2006;6,25;-;;
17/06/2006;6,25;-;;
18/06/2006;6,25;-;;
19/06/2006;6,25;-;;
20/06/2006;6,25;-;;
21/06/2006;6,50;-;;
22/06/2006;6,50;-;;
23/06/2006;6,50;-;;
24/06/2006;6,50;-;;
25/06/2006;6,50;-;;
26/06/2006;6,50;-;;
27/06/2006;6,50;-;;
28/06/2006;6,50;-;;
29/06/2006;6,50;-;;
30/06/2006;6,50;60,48;;
01/07/2006;6,50;-;;
02/07/2006;6,50;-;;
03/07/2006;6,50;-;;
04/07/2006;6,50;-;;
05/07/2006;6,50;-;;
06/07/2006;6,50;-;;
07/07/2006;6,50;-;;
08/07/2006;6,50;-;;
09/07/2006;6,50;-;;
10/07/2006;6,50;-;;
11/07/2006;6,50;-;;
12/07/2006;6,50;-;;
13/07/2006;6,50;-;;
14/07/2006;6,50;-;;
15/07/2006;6,50;-;;
16/07/2006;6,50;-;;
17/07/2006;6,50;-;;
18/07/2006;6,50;-;;
19/07/2006;6,50;-;;
20/07/2006;6,50;-;;
21/07/2006;6,50;-;;
22/07/2006;6,50;-;;
23/07/2006;6,50;-;;
24/07/2006;6,50;-;;
25/07/2006;6,50;-;;
26/07/2006;6,50;-;;
27/07/2006;6,50;-;;
28/07/2006;6,50;-;;
29/07/2006;6,50;-;;
30/07/2006;6,50;-;;
31/07/2006;6,50;60,73;;
01/08/2006;6,50;-;;
02/08/2006;6,50;-;;
03/08/2006;6,50;-;;
04/08/2006;6,50;-;;
05/08/2006;6,50;-;;
06/08/2006;6,50;-;;
07/08/2006;6,50;-;;
08/08/2006;6,50;-;;
09/08/2006;6,50;-;;
10/08/2006;6,50;-;;
11/08/2006;6,50;-;;
12/08/2006;6,50;-;;
13/08/2006;6,50;-;;
14/08/2006;6,50;-;;
15/08/2006;6,50;-;;
16/08/2006;6,50;-;;
17/08/2006;6,50;-;;
18/08/2006;6,50;-;;
19/08/2006;6,50;-;;
20/08/2006;6,50;-;;
21/08/2006;6,50;-;;
22/08/2006;6,75;-;;
23/08/2006;6,75;-;;
24/08/2006;6,75;-;;
25/08/2006;6,75;-;;
26/08/2006;6,75;-;;
27/08/2006;6,75;-;;
28/08/2006;6,75;-;;
29/08/2006;6,75;-;;
30/08/2006;6,75;-;;
31/08/2006;6,75;60,96;;
01/09/2006;6,75;-;;
02/09/2006;6,75;-;;
03/09/2006;6,75;-;;
04/09/2006;6,75;-;;
05/09/2006;6,75;-;;
06/09/2006;6,75;-;;
07/09/2006;6,75;-;;
08/09/2006;6,75;-;;
09/09/2006;6,75;-;;
10/09/2006;6,75;-;;
11/09/2006;6,75;-;;
12/09/2006;6,75;-;;
13/09/2006;6,75;-;;
14/09/2006;6,75;-;;
15/09/2006;6,75;-;;
16/09/2006;6,75;-;;
17/09/2006;6,75;-;;
18/09/2006;6,75;-;;
19/09/2006;6,75;-;;
20/09/2006;6,75;-;;
21/09/2006;6,75;-;;
22/09/2006;6,75;-;;
23/09/2006;6,75;-;;
24/09/2006;6,75;-;;
25/09/2006;6,75;-;;
26/09/2006;6,75;-;;
27/09/2006;6,75;-;;
28/09/2006;6,75;-;;
29/09/2006;6,75;-;;
30/09/2006;6,75;61,14;;
01/10/2006;6,75;-;;
02/10/2006;7,00;-;;
03/10/2006;7,00;-;;
04/10/2006;7,00;-;;
05/10/2006;7,00;-;;
06/10/2006;7,00;-;;
07/10/2006;7,00;-;;
08/10/2006;7,00;-;;
09/10/2006;7,00;-;;
10/10/2006;7,00;-;;
11/10/2006;7,00;-;;
12/10/2006;7,00;-;;
13/10/2006;7,00;-;;
14/10/2006;7,00;-;;
15/10/2006;7,00;-;;
16/10/2006;7,00;-;;
17/10/2006;7,00;-;;
18/10/2006;7,00;-;;
19/10/2006;7,00;-;;
20/10/2006;7,00;-;;
21/10/2006;7,00;-;;
22/10/2006;7,00;-;;
23/10/2006;7,00;-;;
24/10/2006;7,00;-;;
25/10/2006;7,00;-;;
26/10/2006;7,00;-;;
27/10/2006;7,00;-;;
28/10/2006;7,00;-;;
29/10/2006;7,00;-;;
30/10/2006;7,25;-;;
31/10/2006;7,25;61,05;;
01/11/2006;7,25;-;;
02/11/2006;7,25;-;;
03/11/2006;7,25;-;;
04/11/2006;7,25;-;;
05/11/2006;7,25;-;;
06/11/2006;7,25;-;;
07/11/2006;7,25;-;;
08/11/2006;7,25;-;;
09/11/2006;7,25;-;;
10/11/2006;7,25;-;;
11/11/2006;7,25;-;;
12/11/2006;7,25;-;;
13/11/2006;7,25;-;;
14/11/2006;7,25;-;;
15/11/2006;7,25;-;;
16/11/2006;7,25;-;;
17/11/2006;7,25;-;;
18/11/2006;7,25;-;;
19/11/2006;7,25;-;;
20/11/2006;7,25;-;;
21/11/2006;7,25;-;;
22/11/2006;7,25;-;;
23/11/2006;7,25;-;;
24/11/2006;7,25;-;;
25/11/2006;7,25;-;;
26/11/2006;7,25;-;;
27/11/2006;7,25;-;;
28/11/2006;7,25;-;;
29/11/2006;7,25;-;;
30/11/2006;7,25;61,19;;
01/12/2006;7,25;-;;
02/12/2006;7,25;-;;
03/12/2006;7,25;-;;
04/12/2006;7,25;-;;
05/12/2006;7,25;-;;
06/12/2006;7,25;-;;
07/12/2006;7,25;-;;
08/12/2006;7,25;-;;
09/12/2006;7,25;-;;
10/12/2006;7,25;-;;
11/12/2006;7,25;-;;
12/12/2006;7,25;-;;
13/12/2006;7,25;-;;
14/12/2006;7,25;-;;
15/12/2006;7,25;-;;
16/12/2006;7,25;-;;
17/12/2006;7,25;-;;
18/12/2006;7,50;-;;
19/12/2006;7,50;-;;
20/12/2006;7,50;-;;
21/12/2006;7,50;-;;
22/12/2006;7,50;-;;
23/12/2006;7,50;-;;
24/12/2006;7,50;-;;
25/12/2006;7,50;-;;
26/12/2006;7,50;-;;
27/12/2006;7,50;-;;
28/12/2006;7,50;-;;
29/12/2006;7,50;-;;
30/12/2006;7,50;-;;
31/12/2006;7,50;61,33;;
01/01/2007;7,50;-;;
02/01/2007;7,50;-;;
03/01/2007;7,50;-;;
04/01/2007;7,50;-;;
05/01/2007;7,50;-;;
06/01/2007;7,50;-;;
07/01/2007;7,50;-;;
08/01/2007;7,50;-;;
09/01/2007;7,50;-;;
10/01/2007;7,50;-;;
11/01/2007;7,50;-;;
12/01/2007;7,50;-;;
13/01/2007;7,50;-;;
14/01/2007;7,50;-;;
15/01/2007;7,50;-;;
16/01/2007;7,50;-;;
17/01/2007;7,50;-;;
18/01/2007;7,50;-;;
19/01/2007;7,50;-;;
20/01/2007;7,50;-;;
21/01/2007;7,50;-;;
22/01/2007;7,50;-;;
23/01/2007;7,50;-;;
24/01/2007;7,50;-;;
25/01/2007;7,50;-;;
26/01/2007;7,50;-;;
27/01/2007;7,50;-;;
28/01/2007;7,50;-;;
29/01/2007;7,75;-;;
30/01/2007;7,75;-;;
31/01/2007;7,75;61,80;;
01/02/2007;7,75;-;;
02/02/2007;7,75;-;;
03/02/2007;7,75;-;;
04/02/2007;7,75;-;;
05/02/2007;7,75;-;;
06/02/2007;7,75;-;;
07/02/2007;7,75;-;;
08/02/2007;7,75;-;;
09/02/2007;7,75;-;;
10/02/2007;7,75;-;;
11/02/2007;7,75;-;;
12/02/2007;7,75;-;;
13/02/2007;7,75;-;;
14/02/2007;7,75;-;;
15/02/2007;7,75;-;;
16/02/2007;7,75;-;;
17/02/2007;7,75;-;;
18/02/2007;7,75;-;;
19/02/2007;7,75;-;;
20/02/2007;7,75;-;;
21/02/2007;7,75;-;;
22/02/2007;7,75;-;;
23/02/2007;7,75;-;;
24/02/2007;7,75;-;;
25/02/2007;7,75;-;;
26/02/2007;8,00;-;;
27/02/2007;8,00;-;;
28/02/2007;8,00;62,53;;
01/03/2007;8,00;-;;
02/03/2007;8,00;-;;
03/03/2007;8,00;-;;
04/03/2007;8,00;-;;
05/03/2007;8,00;-;;
06/03/2007;8,00;-;;
07/03/2007;8,00;-;;
08/03/2007;8,00;-;;
09/03/2007;8,00;-;;
10/03/2007;8,00;-;;
11/03/2007;8,00;-;;
12/03/2007;8,00;-;;
13/03/2007;8,00;-;;
14/03/2007;8,00;-;;
15/03/2007;8,00;-;;
16/03/2007;8,00;-;;
17/03/2007;8,00;-;;
18/03/2007;8,00;-;;
19/03/2007;8,00;-;;
20/03/2007;8,00;-;;
21/03/2007;8,00;-;;
22/03/2007;8,00;-;;
23/03/2007;8,00;-;;
24/03/2007;8,00;-;;
25/03/2007;8,00;-;;
26/03/2007;8,25;-;;
27/03/2007;8,25;-;;
28/03/2007;8,25;-;;
29/03/2007;8,25;-;;
30/03/2007;8,25;-;;
31/03/2007;8,25;63,29;;
01/04/2007;8,25;-;;
02/04/2007;8,25;-;;
03/04/2007;8,25;-;;
04/04/2007;8,25;-;;
05/04/2007;8,25;-;;
06/04/2007;8,25;-;;
07/04/2007;8,25;-;;
08/04/2007;8,25;-;;
09/04/2007;8,25;-;;
10/04/2007;8,25;-;;
11/04/2007;8,25;-;;
12/04/2007;8,25;-;;
13/04/2007;8,25;-;;
14/04/2007;8,25;-;;
15/04/2007;8,25;-;;
16/04/2007;8,25;-;;
17/04/2007;8,25;-;;
18/04/2007;8,25;-;;
19/04/2007;8,25;-;;
20/04/2007;8,25;-;;
21/04/2007;8,25;-;;
22/04/2007;8,25;-;;
23/04/2007;8,25;-;;
24/04/2007;8,25;-;;
25/04/2007;8,25;-;;
26/04/2007;8,25;-;;
27/04/2007;8,25;-;;
28/04/2007;8,25;-;;
29/04/2007;8,25;-;;
30/04/2007;8,25;63,85;;
01/05/2007;8,25;-;;
02/05/2007;8,50;-;;
03/05/2007;8,50;-;;
04/05/2007;8,50;-;;
05/05/2007;8,50;-;;
06/05/2007;8,50;-;;
07/05/2007;8,50;-;;
08/05/2007;8,50;-;;
09/05/2007;8,50;-;;
10/05/2007;8,50;-;;
11/05/2007;8,50;-;;
12/05/2007;8,50;-;;
13/05/2007;8,50;-;;
14/05/2007;8,50;-;;
15/05/2007;8,50;-;;
16/05/2007;8,50;-;;
17/05/2007;8,50;-;;
18/05/2007;8,50;-;;
19/05/2007;8,50;-;;
20/05/2007;8,50;-;;
21/05/2007;8,50;-;;
22/05/2007;8,75;-;;
23/05/2007;8,75;-;;
24/05/2007;8,75;-;;
25/05/2007;8,75;-;;
26/05/2007;8,75;-;;
27/05/2007;8,75;-;;
28/05/2007;8,75;-;;
29/05/2007;8,75;-;;
30/05/2007;8,75;-;;
31/05/2007;8,75;64,05;;
01/06/2007;8,75;-;;
02/06/2007;8,75;-;;
03/06/2007;8,75;-;;
04/06/2007;8,75;-;;
05/06/2007;8,75;-;;
06/06/2007;8,75;-;;
07/06/2007;8,75;-;;
08/06/2007;8,75;-;;
09/06/2007;8,75;-;;
10/06/2007;8,75;-;;
11/06/2007;8,75;-;;
12/06/2007;8,75;-;;
13/06/2007;8,75;-;;
14/06/2007;8,75;-;;
15/06/2007;8,75;-;;
16/06/2007;8,75;-;;
17/06/2007;8,75;-;;
18/06/2007;8,75;-;;
19/06/2007;9,00;-;;
20/06/2007;9,00;-;;
21/06/2007;9,00;-;;
22/06/2007;9,00;-;;
23/06/2007;9,00;-;;
24/06/2007;9,00;-;;
25/06/2007;9,00;-;;
26/06/2007;9,00;-;;
27/06/2007;9,00;-;;
28/06/2007;9,00;-;;
29/06/2007;9,00;-;;
30/06/2007;9,00;64,12;;
01/07/2007;9,00;-;;
02/07/2007;9,00;-;;
03/07/2007;9,00;-;;
04/07/2007;9,00;-;;
05/07/2007;9,00;-;;
06/07/2007;9,00;-;;
07/07/2007;9,00;-;;
08/07/2007;9,00;-;;
09/07/2007;9,00;-;;
10/07/2007;9,00;-;;
11/07/2007;9,00;-;;
12/07/2007;9,00;-;;
13/07/2007;9,00;-;;
14/07/2007;9,00;-;;
15/07/2007;9,00;-;;
16/07/2007;9,00;-;;
17/07/2007;9,00;-;;
18/07/2007;9,00;-;;
19/07/2007;9,00;-;;
20/07/2007;9,00;-;;
21/07/2007;9,00;-;;
22/07/2007;9,00;-;;
23/07/2007;9,00;-;;
24/07/2007;9,00;-;;
25/07/2007;9,00;-;;
26/07/2007;9,00;-;;
27/07/2007;9,00;-;;
28/07/2007;9,00;-;;
29/07/2007;9,00;-;;
30/07/2007;9,25;-;;
31/07/2007;9,25;64,23;;
01/08/2007;9,25;-;;
02/08/2007;9,25;-;;
03/08/2007;9,25;-;;
04/08/2007;9,25;-;;
05/08/2007;9,25;-;;
06/08/2007;9,25;-;;
07/08/2007;9,25;-;;
08/08/2007;9,25;-;;
09/08/2007;9,25;-;;
10/08/2007;9,25;-;;
11/08/2007;9,25;-;;
12/08/2007;9,25;-;;
13/08/2007;9,25;-;;
14/08/2007;9,25;-;;
15/08/2007;9,25;-;;
16/08/2007;9,25;-;;
17/08/2007;9,25;-;;
18/08/2007;9,25;-;;
19/08/2007;9,25;-;;
20/08/2007;9,25;-;;
21/08/2007;9,25;-;;
22/08/2007;9,25;-;;
23/08/2007;9,25;-;;
24/08/2007;9,25;-;;
25/08/2007;9,25;-;;
26/08/2007;9,25;-;;
27/08/2007;9,25;-;;
28/08/2007;9,25;-;;
29/08/2007;9,25;-;;
30/08/2007;9,25;-;;
31/08/2007;9,25;64,14;;
01/09/2007;9,25;-;;
02/09/2007;9,25;-;;
03/09/2007;9,25;-;;
04/09/2007;9,25;-;;
05/09/2007;9,25;-;;
06/09/2007;9,25;-;;
07/09/2007;9,25;-;;
08/09/2007;9,25;-;;
09/09/2007;9,25;-;;
10/09/2007;9,25;-;;
11/09/2007;9,25;-;;
12/09/2007;9,25;-;;
13/09/2007;9,25;-;;
14/09/2007;9,25;-;;
15/09/2007;9,25;-;;
16/09/2007;9,25;-;;
17/09/2007;9,25;-;;
18/09/2007;9,25;-;;
19/09/2007;9,25;-;;
20/09/2007;9,25;-;;
21/09/2007;9,25;-;;
22/09/2007;9,25;-;;
23/09/2007;9,25;-;;
24/09/2007;9,25;-;;
25/09/2007;9,25;-;;
26/09/2007;9,25;-;;
27/09/2007;9,25;-;;
28/09/2007;9,25;-;;
29/09/2007;9,25;-;;
30/09/2007;9,25;64,20;;
01/10/2007;9,25;-;;
02/10/2007;9,25;-;;
03/10/2007;9,25;-;;
04/10/2007;9,25;-;;
05/10/2007;9,25;-;;
06/10/2007;9,25;-;;
07/10/2007;9,25;-;;
08/10/2007;9,25;-;;
09/10/2007;9,25;-;;
10/10/2007;9,25;-;;
11/10/2007;9,25;-;;
12/10/2007;9,25;-;;
13/10/2007;9,25;-;;
14/10/2007;9,25;-;;
15/10/2007;9,25;-;;
16/10/2007;9,25;-;;
17/10/2007;9,25;-;;
18/10/2007;9,25;-;;
19/10/2007;9,25;-;;
20/10/2007;9,25;-;;
21/10/2007;9,25;-;;
22/10/2007;9,25;-;;
23/10/2007;9,25;-;;
24/10/2007;9,25;-;;
25/10/2007;9,25;-;;
26/10/2007;9,25;-;;
27/10/2007;9,25;-;;
28/10/2007;9,25;-;;
29/10/2007;9,25;-;;
30/10/2007;9,25;-;;
31/10/2007;9,25;64,20;;
01/11/2007;9,25;-;;
02/11/2007;9,25;-;;
03/11/2007;9,25;-;;
04/11/2007;9,25;-;;
05/11/2007;9,25;-;;
06/11/2007;9,25;-;;
07/11/2007;9,25;-;;
08/11/2007;9,25;-;;
09/11/2007;9,25;-;;
10/11/2007;9,25;-;;
11/11/2007;9,25;-;;
12/11/2007;9,25;-;;
13/11/2007;9,25;-;;
14/11/2007;9,25;-;;
15/11/2007;9,25;-;;
16/11/2007;9,25;-;;
17/11/2007;9,25;-;;
18/11/2007;9,25;-;;
19/11/2007;9,25;-;;
20/11/2007;9,25;-;;
21/11/2007;9,25;-;;
22/11/2007;9,25;-;;
23/11/2007;9,25;-;;
24/11/2007;9,25;-;;
25/11/2007;9,25;-;;
26/11/2007;9,50;-;;
27/11/2007;9,50;-;;
28/11/2007;9,50;-;;
29/11/2007;9,50;-;;
30/11/2007;9,50;64,51;;
01/12/2007;9,50;-;;
02/12/2007;9,50;-;;
03/12/2007;9,50;-;;
04/12/2007;9,50;-;;
05/12/2007;9,50;-;;
06/12/2007;9,50;-;;
07/12/2007;9,50;-;;
08/12/2007;9,50;-;;
09/12/2007;9,50;-;;
10/12/2007;9,50;-;;
11/12/2007;9,50;-;;
12/12/2007;9,50;-;;
13/12/2007;9,50;-;;
14/12/2007;9,50;-;;
15/12/2007;9,50;-;;
16/12/2007;9,50;-;;
17/12/2007;9,50;-;;
18/12/2007;9,50;-;;
19/12/2007;9,50;-;;
20/12/2007;9,50;-;;
21/12/2007;9,50;-;;
22/12/2007;9,50;-;;
23/12/2007;9,50;-;;
24/12/2007;9,50;-;;
25/12/2007;9,50;-;;
26/12/2007;9,50;-;;
27/12/2007;9,50;-;;
28/12/2007;9,50;-;;
29/12/2007;9,50;-;;
30/12/2007;9,50;-;;
31/12/2007;9,50;64,82;;
01/01/2008;9,50;-;;
02/01/2008;9,50;-;;
03/01/2008;9,50;-;;
04/01/2008;9,50;-;;
05/01/2008;9,50;-;;
06/01/2008;9,50;-;;
07/01/2008;9,50;-;;
08/01/2008;9,50;-;;
09/01/2008;9,50;-;;
10/01/2008;9,50;-;;
11/01/2008;9,50;-;;
12/01/2008;9,50;-;;
13/01/2008;9,50;-;;
14/01/2008;9,50;-;;
15/01/2008;9,50;-;;
16/01/2008;9,50;-;;
17/01/2008;9,50;-;;
18/01/2008;9,50;-;;
19/01/2008;9,50;-;;
20/01/2008;9,50;-;;
21/01/2008;9,50;-;;
22/01/2008;9,50;-;;
23/01/2008;9,50;-;;
24/01/2008;9,50;-;;
25/01/2008;9,50;-;;
26/01/2008;9,50;-;;
27/01/2008;9,50;-;;
28/01/2008;9,50;-;;
29/01/2008;9,50;-;;
30/01/2008;9,50;-;;
31/01/2008;9,50;65,51;;
01/02/2008;9,50;-;;
02/02/2008;9,50;-;;
03/02/2008;9,50;-;;
04/02/2008;9,50;-;;
05/02/2008;9,50;-;;
06/02/2008;9,50;-;;
07/02/2008;9,50;-;;
08/02/2008;9,50;-;;
09/02/2008;9,50;-;;
10/02/2008;9,50;-;;
11/02/2008;9,50;-;;
12/02/2008;9,50;-;;
13/02/2008;9,50;-;;
14/02/2008;9,50;-;;
15/02/2008;9,50;-;;
16/02/2008;9,50;-;;
17/02/2008;9,50;-;;
18/02/2008;9,50;-;;
19/02/2008;9,50;-;;
20/02/2008;9,50;-;;
21/02/2008;9,50;-;;
22/02/2008;9,50;-;;
23/02/2008;9,50;-;;
24/02/2008;9,50;-;;
25/02/2008;9,75;-;;
26/02/2008;9,75;-;;
27/02/2008;9,75;-;;
28/02/2008;9,75;-;;
29/02/2008;9,75;66,50;;
01/03/2008;9,75;-;;
02/03/2008;9,75;-;;
03/03/2008;9,75;-;;
04/03/2008;9,75;-;;
05/03/2008;9,75;-;;
06/03/2008;9,75;-;;
07/03/2008;9,75;-;;
08/03/2008;9,75;-;;
09/03/2008;9,75;-;;
10/03/2008;9,75;-;;
11/03/2008;9,75;-;;
12/03/2008;9,75;-;;
13/03/2008;9,75;-;;
14/03/2008;9,75;-;;
15/03/2008;9,75;-;;
16/03/2008;9,75;-;;
17/03/2008;9,75;-;;
18/03/2008;9,75;-;;
19/03/2008;9,75;-;;
20/03/2008;9,75;-;;
21/03/2008;9,75;-;;
22/03/2008;9,75;-;;
23/03/2008;9,75;-;;
24/03/2008;9,75;-;;
25/03/2008;9,75;-;;
26/03/2008;9,75;-;;
27/03/2008;9,75;-;;
28/03/2008;9,75;-;;
29/03/2008;9,75;-;;
30/03/2008;9,75;-;;
31/03/2008;9,75;67,04;;
01/04/2008;9,75;-;;
02/04/2008;9,75;-;;
03/04/2008;9,75;-;;
04/04/2008;9,75;-;;
05/04/2008;9,75;-;;
06/04/2008;9,75;-;;
07/04/2008;9,75;-;;
08/04/2008;9,75;-;;
09/04/2008;9,75;-;;
10/04/2008;9,75;-;;
11/04/2008;9,75;-;;
12/04/2008;9,75;-;;
13/04/2008;9,75;-;;
14/04/2008;9,75;-;;
15/04/2008;9,75;-;;
16/04/2008;9,75;-;;
17/04/2008;9,75;-;;
18/04/2008;9,75;-;;
19/04/2008;9,75;-;;
20/04/2008;9,75;-;;
21/04/2008;9,75;-;;
22/04/2008;9,75;-;;
23/04/2008;9,75;-;;
24/04/2008;9,75;-;;
25/04/2008;9,75;-;;
26/04/2008;9,75;-;;
27/04/2008;9,75;-;;
28/04/2008;9,75;-;;
29/04/2008;9,75;-;;
30/04/2008;9,75;67,51;;
01/05/2008;9,75;-;;
02/05/2008;9,75;-;;
03/05/2008;9,75;-;;
04/05/2008;9,75;-;;
05/05/2008;9,75;-;;
06/05/2008;9,75;-;;
07/05/2008;9,75;-;;
08/05/2008;9,75;-;;
09/05/2008;9,75;-;;
10/05/2008;9,75;-;;
11/05/2008;9,75;-;;
12/05/2008;9,75;-;;
13/05/2008;9,75;-;;
14/05/2008;9,75;-;;
15/05/2008;9,75;-;;
16/05/2008;9,75;-;;
17/05/2008;9,75;-;;
18/05/2008;9,75;-;;
19/05/2008;9,75;-;;
20/05/2008;9,75;-;;
21/05/2008;9,75;-;;
22/05/2008;9,75;-;;
23/05/2008;9,75;-;;
24/05/2008;9,75;-;;
25/05/2008;9,75;-;;
26/05/2008;9,75;-;;
27/05/2008;9,75;-;;
28/05/2008;9,75;-;;
29/05/2008;9,75;-;;
30/05/2008;9,75;-;;
31/05/2008;9,75;68,14;;
01/06/2008;9,75;-;;
02/06/2008;9,75;-;;
03/06/2008;9,75;-;;
04/06/2008;9,75;-;;
05/06/2008;9,75;-;;
06/06/2008;9,75;-;;
07/06/2008;9,75;-;;
08/06/2008;9,75;-;;
09/06/2008;9,75;-;;
10/06/2008;9,75;-;;
11/06/2008;9,75;-;;
12/06/2008;9,75;-;;
13/06/2008;9,75;-;;
14/06/2008;9,75;-;;
15/06/2008;9,75;-;;
16/06/2008;9,75;-;;
17/06/2008;9,75;-;;
18/06/2008;9,75;-;;
19/06/2008;9,75;-;;
20/06/2008;9,75;-;;
21/06/2008;9,75;-;;
22/06/2008;9,75;-;;
23/06/2008;9,75;-;;
24/06/2008;9,75;-;;
25/06/2008;9,75;-;;
26/06/2008;9,75;-;;
27/06/2008;9,75;-;;
28/06/2008;9,75;-;;
29/06/2008;9,75;-;;
30/06/2008;9,75;68,73;;
01/07/2008;9,75;-;;
02/07/2008;9,75;-;;
03/07/2008;9,75;-;;
04/07/2008;9,75;-;;
05/07/2008;9,75;-;;
06/07/2008;9,75;-;;
07/07/2008;9,75;-;;
08/07/2008;9,75;-;;
09/07/2008;9,75;-;;
10/07/2008;9,75;-;;
11/07/2008;9,75;-;;
12/07/2008;9,75;-;;
13/07/2008;9,75;-;;
14/07/2008;9,75;-;;
15/07/2008;9,75;-;;
16/07/2008;9,75;-;;
17/07/2008;9,75;-;;
18/07/2008;9,75;-;;
19/07/2008;9,75;-;;
20/07/2008;9,75;-;;
21/07/2008;9,75;-;;
22/07/2008;9,75;-;;
23/07/2008;9,75;-;;
24/07/2008;9,75;-;;
25/07/2008;9,75;-;;
26/07/2008;9,75;-;;
27/07/2008;9,75;-;;
28/07/2008;10,00;-;;
29/07/2008;10,00;-;;
30/07/2008;10,00;-;;
31/07/2008;10,00;69,06;;
01/08/2008;10,00;-;;
02/08/2008;10,00;-;;
03/08/2008;10,00;-;;
04/08/2008;10,00;-;;
05/08/2008;10,00;-;;
06/08/2008;10,00;-;;
07/08/2008;10,00;-;;
08/08/2008;10,00;-;;
09/08/2008;10,00;-;;
10/08/2008;10,00;-;;
11/08/2008;10,00;-;;
12/08/2008;10,00;-;;
13/08/2008;10,00;-;;
14/08/2008;10,00;-;;
15/08/2008;10,00;-;;
16/08/2008;10,00;-;;
17/08/2008;10,00;-;;
18/08/2008;10,00;-;;
19/08/2008;10,00;-;;
20/08/2008;10,00;-;;
21/08/2008;10,00;-;;
22/08/2008;10,00;-;;
23/08/2008;10,00;-;;
24/08/2008;10,00;-;;
25/08/2008;10,00;-;;
26/08/2008;10,00;-;;
27/08/2008;10,00;-;;
28/08/2008;10,00;-;;
29/08/2008;10,00;-;;
30/08/2008;10,00;-;;
31/08/2008;10,00;69,19;;
01/09/2008;10,00;-;;
02/09/2008;10,00;-;;
03/09/2008;10,00;-;;
04/09/2008;10,00;-;;
05/09/2008;10,00;-;;
06/09/2008;10,00;-;;
07/09/2008;10,00;-;;
08/09/2008;10,00;-;;
09/09/2008;10,00;-;;
10/09/2008;10,00;-;;
11/09/2008;10,00;-;;
12/09/2008;10,00;-;;
13/09/2008;10,00;-;;
14/09/2008;10,00;-;;
15/09/2008;10,00;-;;
16/09/2008;10,00;-;;
17/09/2008;10,00;-;;
18/09/2008;10,00;-;;
19/09/2008;10,00;-;;
20/09/2008;10,00;-;;
21/09/2008;10,00;-;;
22/09/2008;10,00;-;;
23/09/2008;10,00;-;;
24/09/2008;10,00;-;;
25/09/2008;10,00;-;;
26/09/2008;10,00;-;;
27/09/2008;10,00;-;;
28/09/2008;10,00;-;;
29/09/2008;10,00;-;;
30/09/2008;10,00;69,06;;
01/10/2008;10,00;-;;
02/10/2008;10,00;-;;
03/10/2008;10,00;-;;
04/10/2008;10,00;-;;
05/10/2008;10,00;-;;
06/10/2008;10,00;-;;
07/10/2008;10,00;-;;
08/10/2008;10,00;-;;
09/10/2008;10,00;-;;
10/10/2008;10,00;-;;
11/10/2008;10,00;-;;
12/10/2008;10,00;-;;
13/10/2008;10,00;-;;
14/10/2008;10,00;-;;
15/10/2008;10,00;-;;
16/10/2008;10,00;-;;
17/10/2008;10,00;-;;
18/10/2008;10,00;-;;
19/10/2008;10,00;-;;
20/10/2008;10,00;-;;
21/10/2008;10,00;-;;
22/10/2008;10,00;-;;
23/10/2008;10,00;-;;
24/10/2008;10,00;-;;
25/10/2008;10,00;-;;
26/10/2008;10,00;-;;
27/10/2008;10,00;-;;
28/10/2008;10,00;-;;
29/10/2008;10,00;-;;
30/10/2008;10,00;-;;
31/10/2008;10,00;69,30;;
01/11/2008;10,00;-;;
02/11/2008;10,00;-;;
03/11/2008;10,00;-;;
04/11/2008;10,00;-;;
05/11/2008;10,00;-;;
06/11/2008;10,00;-;;
07/11/2008;10,00;-;;
08/11/2008;10,00;-;;
09/11/2008;10,00;-;;
10/11/2008;10,00;-;;
11/11/2008;10,00;-;;
12/11/2008;10,00;-;;
13/11/2008;10,00;-;;
14/11/2008;10,00;-;;
15/11/2008;10,00;-;;
16/11/2008;10,00;-;;
17/11/2008;10,00;-;;
18/11/2008;10,00;-;;
19/11/2008;10,00;-;;
20/11/2008;10,00;-;;
21/11/2008;10,00;-;;
22/11/2008;10,00;-;;
23/11/2008;10,00;-;;
24/11/2008;10,00;-;;
25/11/2008;10,00;-;;
26/11/2008;10,00;-;;
27/11/2008;10,00;-;;
28/11/2008;10,00;-;;
29/11/2008;10,00;-;;
30/11/2008;10,00;69,49;;
01/12/2008;10,00;-;;
02/12/2008;10,00;-;;
03/12/2008;10,00;-;;
04/12/2008;10,00;-;;
05/12/2008;10,00;-;;
06/12/2008;10,00;-;;
07/12/2008;10,00;-;;
08/12/2008;10,00;-;;
09/12/2008;10,00;-;;
10/12/2008;10,00;-;;
11/12/2008;10,00;-;;
12/12/2008;10,00;-;;
13/12/2008;10,00;-;;
14/12/2008;10,00;-;;
15/12/2008;10,00;-;;
16/12/2008;10,00;-;;
17/12/2008;10,00;-;;
18/12/2008;10,00;-;;
19/12/2008;10,00;-;;
20/12/2008;10,00;-;;
21/12/2008;10,00;-;;
22/12/2008;9,50;-;;
23/12/2008;9,50;-;;
24/12/2008;9,50;-;;
25/12/2008;9,50;-;;
26/12/2008;9,50;-;;
27/12/2008;9,50;-;;
28/12/2008;9,50;-;;
29/12/2008;9,50;-;;
30/12/2008;9,50;-;;
31/12/2008;9,50;69,80;;
01/01/2009;9,50;-;;
02/01/2009;9,50;-;;
03/01/2009;9,50;-;;
04/01/2009;9,50;-;;
05/01/2009;9,50;-;;
06/01/2009;9,50;-;;
07/01/2009;9,50;-;;
08/01/2009;9,50;-;;
09/01/2009;9,50;-;;
10/01/2009;9,50;-;;
11/01/2009;9,50;-;;
12/01/2009;9,50;-;;
13/01/2009;9,50;-;;
14/01/2009;9,50;-;;
15/01/2009;9,50;-;;
16/01/2009;9,50;-;;
17/01/2009;9,50;-;;
18/01/2009;9,50;-;;
19/01/2009;9,50;-;;
20/01/2009;9,50;-;;
21/01/2009;9,50;-;;
22/01/2009;9,50;-;;
23/01/2009;9,50;-;;
24/01/2009;9,50;-;;
25/01/2009;9,50;-;;
26/01/2009;9,50;-;;
27/01/2009;9,50;-;;
28/01/2009;9,50;-;;
29/01/2009;9,50;-;;
30/01/2009;9,50;-;;
31/01/2009;9,50;70,21;;
01/02/2009;9,50;-;;
02/02/2009;9,00;-;;
03/02/2009;9,00;-;;
04/02/2009;9,00;-;;
05/02/2009;9,00;-;;
06/02/2009;9,00;-;;
07/02/2009;9,00;-;;
08/02/2009;9,00;-;;
09/02/2009;9,00;-;;
10/02/2009;9,00;-;;
11/02/2009;9,00;-;;
12/02/2009;9,00;-;;
13/02/2009;9,00;-;;
14/02/2009;9,00;-;;
15/02/2009;9,00;-;;
16/02/2009;9,00;-;;
17/02/2009;9,00;-;;
18/02/2009;9,00;-;;
19/02/2009;9,00;-;;
20/02/2009;9,00;-;;
21/02/2009;9,00;-;;
22/02/2009;9,00;-;;
23/02/2009;9,00;-;;
24/02/2009;9,00;-;;
25/02/2009;9,00;-;;
26/02/2009;9,00;-;;
27/02/2009;9,00;-;;
28/02/2009;9,00;70,80;;
01/03/2009;9,00;-;;
02/03/2009;8,00;-;;
03/03/2009;8,00;-;;
04/03/2009;8,00;-;;
05/03/2009;8,00;-;;
06/03/2009;8,00;-;;
07/03/2009;8,00;-;;
08/03/2009;8,00;-;;
09/03/2009;8,00;-;;
10/03/2009;8,00;-;;
11/03/2009;8,00;-;;
12/03/2009;8,00;-;;
13/03/2009;8,00;-;;
14/03/2009;8,00;-;;
15/03/2009;8,00;-;;
16/03/2009;8,00;-;;
17/03/2009;8,00;-;;
18/03/2009;8,00;-;;
19/03/2009;8,00;-;;
20/03/2009;8,00;-;;
21/03/2009;8,00;-;;
22/03/2009;8,00;-;;
23/03/2009;8,00;-;;
24/03/2009;7,00;-;;
25/03/2009;7,00;-;;
26/03/2009;7,00;-;;
27/03/2009;7,00;-;;
28/03/2009;7,00;-;;
29/03/2009;7,00;-;;
30/03/2009;7,00;-;;
31/03/2009;7,00;71,15;;
01/04/2009;7,00;-;;
02/04/2009;7,00;-;;
03/04/2009;7,00;-;;
04/04/2009;7,00;-;;
05/04/2009;7,00;-;;
06/04/2009;7,00;-;;
07/04/2009;7,00;-;;
08/04/2009;7,00;-;;
09/04/2009;7,00;-;;
10/04/2009;7,00;-;;
11/04/2009;7,00;-;;
12/04/2009;7,00;-;;
13/04/2009;7,00;-;;
14/04/2009;7,00;-;;
15/04/2009;7,00;-;;
16/04/2009;7,00;-;;
17/04/2009;7,00;-;;
18/04/2009;7,00;-;;
19/04/2009;7,00;-;;
20/04/2009;7,00;-;;
21/04/2009;7,00;-;;
22/04/2009;7,00;-;;
23/04/2009;7,00;-;;
24/04/2009;7,00;-;;
25/04/2009;7,00;-;;
26/04/2009;7,00;-;;
27/04/2009;7,00;-;;
28/04/2009;7,00;-;;
29/04/2009;7,00;-;;
30/04/2009;7,00;71,38;;
01/05/2009;7,00;-;;
02/05/2009;7,00;-;;
03/05/2009;7,00;-;;
04/05/2009;6,00;-;;
05/05/2009;6,00;-;;
06/05/2009;6,00;-;;
07/05/2009;6,00;-;;
08/05/2009;6,00;-;;
09/05/2009;6,00;-;;
10/05/2009;6,00;-;;
11/05/2009;6,00;-;;
12/05/2009;6,00;-;;
13/05/2009;6,00;-;;
14/05/2009;6,00;-;;
15/05/2009;6,00;-;;
16/05/2009;6,00;-;;
17/05/2009;6,00;-;;
18/05/2009;6,00;-;;
19/05/2009;6,00;-;;
20/05/2009;6,00;-;;
21/05/2009;6,00;-;;
22/05/2009;6,00;-;;
23/05/2009;6,00;-;;
24/05/2009;6,00;-;;
25/05/2009;6,00;-;;
26/05/2009;6,00;-;;
27/05/2009;6,00;-;;
28/05/2009;6,00;-;;
29/05/2009;6,00;-;;
30/05/2009;6,00;-;;
31/05/2009;6,00;71,39;;
01/06/2009;5,00;-;;
02/06/2009;5,00;-;;
03/06/2009;5,00;-;;
04/06/2009;5,00;-;;
05/06/2009;5,00;-;;
06/06/2009;5,00;-;;
07/06/2009;5,00;-;;
08/06/2009;5,00;-;;
09/06/2009;5,00;-;;
10/06/2009;5,00;-;;
11/06/2009;5,00;-;;
12/06/2009;5,00;-;;
13/06/2009;5,00;-;;
14/06/2009;5,00;-;;
15/06/2009;5,00;-;;
16/06/2009;5,00;-;;
17/06/2009;5,00;-;;
18/06/2009;5,00;-;;
19/06/2009;5,00;-;;
20/06/2009;5,00;-;;
21/06/2009;5,00;-;;
22/06/2009;5,00;-;;
23/06/2009;4,50;-;;
24/06/2009;4,50;-;;
25/06/2009;4,50;-;;
26/06/2009;4,50;-;;
27/06/2009;4,50;-;;
28/06/2009;4,50;-;;
29/06/2009;4,50;-;;
30/06/2009;4,50;71,35;;
01/07/2009;4,50;-;;
02/07/2009;4,50;-;;
03/07/2009;4,50;-;;
04/07/2009;4,50;-;;
05/07/2009;4,50;-;;
06/07/2009;4,50;-;;
07/07/2009;4,50;-;;
08/07/2009;4,50;-;;
09/07/2009;4,50;-;;
10/07/2009;4,50;-;;
11/07/2009;4,50;-;;
12/07/2009;4,50;-;;
13/07/2009;4,50;-;;
14/07/2009;4,50;-;;
15/07/2009;4,50;-;;
16/07/2009;4,50;-;;
17/07/2009;4,50;-;;
18/07/2009;4,50;-;;
19/07/2009;4,50;-;;
20/07/2009;4,50;-;;
21/07/2009;4,50;-;;
22/07/2009;4,50;-;;
23/07/2009;4,50;-;;
24/07/2009;4,50;-;;
25/07/2009;4,50;-;;
26/07/2009;4,50;-;;
27/07/2009;4,50;-;;
28/07/2009;4,50;-;;
29/07/2009;4,50;-;;
30/07/2009;4,50;-;;
31/07/2009;4,50;71,32;;
01/08/2009;4,50;-;;
02/08/2009;4,50;-;;
03/08/2009;4,50;-;;
04/08/2009;4,50;-;;
05/08/2009;4,50;-;;
06/08/2009;4,50;-;;
07/08/2009;4,50;-;;
08/08/2009;4,50;-;;
09/08/2009;4,50;-;;
10/08/2009;4,50;-;;
11/08/2009;4,50;-;;
12/08/2009;4,50;-;;
13/08/2009;4,50;-;;
14/08/2009;4,50;-;;
15/08/2009;4,50;-;;
16/08/2009;4,50;-;;
17/08/2009;4,50;-;;
18/08/2009;4,50;-;;
19/08/2009;4,50;-;;
20/08/2009;4,50;-;;
21/08/2009;4,50;-;;
22/08/2009;4,50;-;;
23/08/2009;4,50;-;;
24/08/2009;4,50;-;;
25/08/2009;4,50;-;;
26/08/2009;4,50;-;;
27/08/2009;4,50;-;;
28/08/2009;4,50;-;;
29/08/2009;4,50;-;;
30/08/2009;4,50;-;;
31/08/2009;4,50;71,35;;
01/09/2009;4,50;-;;
02/09/2009;4,50;-;;
03/09/2009;4,50;-;;
04/09/2009;4,50;-;;
05/09/2009;4,50;-;;
06/09/2009;4,50;-;;
07/09/2009;4,50;-;;
08/09/2009;4,50;-;;
09/09/2009;4,50;-;;
10/09/2009;4,50;-;;
11/09/2009;4,50;-;;
12/09/2009;4,50;-;;
13/09/2009;4,50;-;;
14/09/2009;4,50;-;;
15/09/2009;4,50;-;;
16/09/2009;4,50;-;;
17/09/2009;4,50;-;;
18/09/2009;4,50;-;;
19/09/2009;4,50;-;;
20/09/2009;4,50;-;;
21/09/2009;4,50;-;;
22/09/2009;4,50;-;;
23/09/2009;4,50;-;;
24/09/2009;4,50;-;;
25/09/2009;4,50;-;;
26/09/2009;4,50;-;;
27/09/2009;4,50;-;;
28/09/2009;4,00;-;;
29/09/2009;4,00;-;;
30/09/2009;4,00;71,28;;
01/10/2009;4,00;-;;
02/10/2009;4,00;-;;
03/10/2009;4,00;-;;
04/10/2009;4,00;-;;
05/10/2009;4,00;-;;
06/10/2009;4,00;-;;
07/10/2009;4,00;-;;
08/10/2009;4,00;-;;
09/10/2009;4,00;-;;
10/10/2009;4,00;-;;
11/10/2009;4,00;-;;
12/10/2009;4,00;-;;
13/10/2009;4,00;-;;
14/10/2009;4,00;-;;
15/10/2009;4,00;-;;
16/10/2009;4,00;-;;
17/10/2009;4,00;-;;
18/10/2009;4,00;-;;
19/10/2009;4,00;-;;
20/10/2009;4,00;-;;
21/10/2009;4,00;-;;
22/10/2009;4,00;-;;
23/10/2009;4,00;-;;
24/10/2009;4,00;-;;
25/10/2009;4,00;-;;
26/10/2009;4,00;-;;
27/10/2009;4,00;-;;
28/10/2009;4,00;-;;
29/10/2009;4,00;-;;
30/10/2009;4,00;-;;
31/10/2009;4,00;71,19;;
01/11/2009;4,00;-;;
02/11/2009;4,00;-;;
03/11/2009;4,00;-;;
04/11/2009;4,00;-;;
05/11/2009;4,00;-;;
06/11/2009;4,00;-;;
07/11/2009;4,00;-;;
08/11/2009;4,00;-;;
09/11/2009;4,00;-;;
10/11/2009;4,00;-;;
11/11/2009;4,00;-;;
12/11/2009;4,00;-;;
13/11/2009;4,00;-;;
14/11/2009;4,00;-;;
15/11/2009;4,00;-;;
16/11/2009;4,00;-;;
17/11/2009;4,00;-;;
18/11/2009;4,00;-;;
19/11/2009;4,00;-;;
20/11/2009;4,00;-;;
21/11/2009;4,00;-;;
22/11/2009;4,00;-;;
23/11/2009;4,00;-;;
24/11/2009;3,50;-;;
25/11/2009;3,50;-;;
26/11/2009;3,50;-;;
27/11/2009;3,50;-;;
28/11/2009;3,50;-;;
29/11/2009;3,50;-;;
30/11/2009;3,50;71,14;;
01/12/2009;3,50;-;;
02/12/2009;3,50;-;;
03/12/2009;3,50;-;;
04/12/2009;3,50;-;;
05/12/2009;3,50;-;;
06/12/2009;3,50;-;;
07/12/2009;3,50;-;;
08/12/2009;3,50;-;;
09/12/2009;3,50;-;;
10/12/2009;3,50;-;;
11/12/2009;3,50;-;;
12/12/2009;3,50;-;;
13/12/2009;3,50;-;;
14/12/2009;3,50;-;;
15/12/2009;3,50;-;;
16/12/2009;3,50;-;;
17/12/2009;3,50;-;;
18/12/2009;3,50;-;;
19/12/2009;3,50;-;;
20/12/2009;3,50;-;;
21/12/2009;3,50;-;;
22/12/2009;3,50;-;;
23/12/2009;3,50;-;;
24/12/2009;3,50;-;;
25/12/2009;3,50;-;;
26/12/2009;3,50;-;;
27/12/2009;3,50;-;;
28/12/2009;3,50;-;;
29/12/2009;3,50;-;;
30/12/2009;3,50;-;;
31/12/2009;3,50;71,20;;
01/01/2010;3,50;-;;
02/01/2010;3,50;-;;
03/01/2010;3,50;-;;
04/01/2010;3,50;-;;
05/01/2010;3,50;-;;
06/01/2010;3,50;-;;
07/01/2010;3,50;-;;
08/01/2010;3,50;-;;
09/01/2010;3,50;-;;
10/01/2010;3,50;-;;
11/01/2010;3,50;-;;
12/01/2010;3,50;-;;
13/01/2010;3,50;-;;
14/01/2010;3,50;-;;
15/01/2010;3,50;-;;
16/01/2010;3,50;-;;
17/01/2010;3,50;-;;
18/01/2010;3,50;-;;
19/01/2010;3,50;-;;
20/01/2010;3,50;-;;
21/01/2010;3,50;-;;
22/01/2010;3,50;-;;
23/01/2010;3,50;-;;
24/01/2010;3,50;-;;
25/01/2010;3,50;-;;
26/01/2010;3,50;-;;
27/01/2010;3,50;-;;
28/01/2010;3,50;-;;
29/01/2010;3,50;-;;
30/01/2010;3,50;-;;
31/01/2010;3,50;71,69;;
01/02/2010;3,50;-;;
02/02/2010;3,50;-;;
03/02/2010;3,50;-;;
04/02/2010;3,50;-;;
05/02/2010;3,50;-;;
06/02/2010;3,50;-;;
07/02/2010;3,50;-;;
08/02/2010;3,50;-;;
09/02/2010;3,50;-;;
10/02/2010;3,50;-;;
11/02/2010;3,50;-;;
12/02/2010;3,50;-;;
13/02/2010;3,50;-;;
14/02/2010;3,50;-;;
15/02/2010;3,50;-;;
16/02/2010;3,50;-;;
17/02/2010;3,50;-;;
18/02/2010;3,50;-;;
19/02/2010;3,50;-;;
20/02/2010;3,50;-;;
21/02/2010;3,50;-;;
22/02/2010;3,50;-;;
23/02/2010;3,50;-;;
24/02/2010;3,50;-;;
25/02/2010;3,50;-;;
26/02/2010;3,50;-;;
27/02/2010;3,50;-;;
28/02/2010;3,50;72,28;;
01/03/2010;3,50;-;;
02/03/2010;3,50;-;;
03/03/2010;3,50;-;;
04/03/2010;3,50;-;;
05/03/2010;3,50;-;;
06/03/2010;3,50;-;;
07/03/2010;3,50;-;;
08/03/2010;3,50;-;;
09/03/2010;3,50;-;;
10/03/2010;3,50;-;;
11/03/2010;3,50;-;;
12/03/2010;3,50;-;;
13/03/2010;3,50;-;;
14/03/2010;3,50;-;;
15/03/2010;3,50;-;;
16/03/2010;3,50;-;;
17/03/2010;3,50;-;;
18/03/2010;3,50;-;;
19/03/2010;3,50;-;;
20/03/2010;3,50;-;;
21/03/2010;3,50;-;;
22/03/2010;3,50;-;;
23/03/2010;3,50;-;;
24/03/2010;3,50;-;;
25/03/2010;3,50;-;;
26/03/2010;3,50;-;;
27/03/2010;3,50;-;;
28/03/2010;3,50;-;;
29/03/2010;3,50;-;;
30/03/2010;3,50;-;;
31/03/2010;3,50;72,46;;
01/04/2010;3,50;-;;
02/04/2010;3,50;-;;
03/04/2010;3,50;-;;
04/04/2010;3,50;-;;
05/04/2010;3,50;-;;
06/04/2010;3,50;-;;
07/04/2010;3,50;-;;
08/04/2010;3,50;-;;
09/04/2010;3,50;-;;
10/04/2010;3,50;-;;
11/04/2010;3,50;-;;
12/04/2010;3,50;-;;
13/04/2010;3,50;-;;
14/04/2010;3,50;-;;
15/04/2010;3,50;-;;
16/04/2010;3,50;-;;
17/04/2010;3,50;-;;
18/04/2010;3,50;-;;
19/04/2010;3,50;-;;
20/04/2010;3,50;-;;
21/04/2010;3,50;-;;
22/04/2010;3,50;-;;
23/04/2010;3,50;-;;
24/04/2010;3,50;-;;
25/04/2010;3,50;-;;
26/04/2010;3,50;-;;
27/04/2010;3,50;-;;
28/04/2010;3,50;-;;
29/04/2010;3,50;-;;
30/04/2010;3,50;72,79;;
01/05/2010;3,50;-;;
02/05/2010;3,50;-;;
03/05/2010;3,00;-;;
04/05/2010;3,00;-;;
05/05/2010;3,00;-;;
06/05/2010;3,00;-;;
07/05/2010;3,00;-;;
08/05/2010;3,00;-;;
09/05/2010;3,00;-;;
10/05/2010;3,00;-;;
11/05/2010;3,00;-;;
12/05/2010;3,00;-;;
13/05/2010;3,00;-;;
14/05/2010;3,00;-;;
15/05/2010;3,00;-;;
16/05/2010;3,00;-;;
17/05/2010;3,00;-;;
18/05/2010;3,00;-;;
19/05/2010;3,00;-;;
20/05/2010;3,00;-;;
21/05/2010;3,00;-;;
22/05/2010;3,00;-;;
23/05/2010;3,00;-;;
24/05/2010;3,00;-;;
25/05/2010;3,00;-;;
26/05/2010;3,00;-;;
27/05/2010;3,00;-;;
28/05/2010;3,00;-;;
29/05/2010;3,00;-;;
30/05/2010;3,00;-;;
31/05/2010;3,00;72,87;;
01/06/2010;3,00;-;;
02/06/2010;3,00;-;;
03/06/2010;3,00;-;;
04/06/2010;3,00;-;;
05/06/2010;3,00;-;;
06/06/2010;3,00;-;;
07/06/2010;3,00;-;;
08/06/2010;3,00;-;;
09/06/2010;3,00;-;;
10/06/2010;3,00;-;;
11/06/2010;3,00;-;;
12/06/2010;3,00;-;;
13/06/2010;3,00;-;;
14/06/2010;3,00;-;;
15/06/2010;3,00;-;;
16/06/2010;3,00;-;;
17/06/2010;3,00;-;;
18/06/2010;3,00;-;;
19/06/2010;3,00;-;;
20/06/2010;3,00;-;;
21/06/2010;3,00;-;;
22/06/2010;3,00;-;;
23/06/2010;3,00;-;;
24/06/2010;3,00;-;;
25/06/2010;3,00;-;;
26/06/2010;3,00;-;;
27/06/2010;3,00;-;;
28/06/2010;3,00;-;;
29/06/2010;3,00;-;;
30/06/2010;3,00;72,95;;
01/07/2010;3,00;-;;
02/07/2010;3,00;-;;
03/07/2010;3,00;-;;
04/07/2010;3,00;-;;
05/07/2010;3,00;-;;
06/07/2010;3,00;-;;
07/07/2010;3,00;-;;
08/07/2010;3,00;-;;
09/07/2010;3,00;-;;
10/07/2010;3,00;-;;
11/07/2010;3,00;-;;
12/07/2010;3,00;-;;
13/07/2010;3,00;-;;
14/07/2010;3,00;-;;
15/07/2010;3,00;-;;
16/07/2010;3,00;-;;
17/07/2010;3,00;-;;
18/07/2010;3,00;-;;
19/07/2010;3,00;-;;
20/07/2010;3,00;-;;
21/07/2010;3,00;-;;
22/07/2010;3,00;-;;
23/07/2010;3,00;-;;
24/07/2010;3,00;-;;
25/07/2010;3,00;-;;
26/07/2010;3,00;-;;
27/07/2010;3,00;-;;
28/07/2010;3,00;-;;
29/07/2010;3,00;-;;
30/07/2010;3,00;-;;
31/07/2010;3,00;72,92;;
01/08/2010;3,00;-;;
02/08/2010;3,00;-;;
03/08/2010;3,00;-;;
04/08/2010;3,00;-;;
05/08/2010;3,00;-;;
06/08/2010;3,00;-;;
07/08/2010;3,00;-;;
08/08/2010;3,00;-;;
09/08/2010;3,00;-;;
10/08/2010;3,00;-;;
11/08/2010;3,00;-;;
12/08/2010;3,00;-;;
13/08/2010;3,00;-;;
14/08/2010;3,00;-;;
15/08/2010;3,00;-;;
16/08/2010;3,00;-;;
17/08/2010;3,00;-;;
18/08/2010;3,00;-;;
19/08/2010;3,00;-;;
20/08/2010;3,00;-;;
21/08/2010;3,00;-;;
22/08/2010;3,00;-;;
23/08/2010;3,00;-;;
24/08/2010;3,00;-;;
25/08/2010;3,00;-;;
26/08/2010;3,00;-;;
27/08/2010;3,00;-;;
28/08/2010;3,00;-;;
29/08/2010;3,00;-;;
30/08/2010;3,00;-;;
31/08/2010;3,00;73,00;;
01/09/2010;3,00;-;;
02/09/2010;3,00;-;;
03/09/2010;3,00;-;;
04/09/2010;3,00;-;;
05/09/2010;3,00;-;;
06/09/2010;3,00;-;;
07/09/2010;3,00;-;;
08/09/2010;3,00;-;;
09/09/2010;3,00;-;;
10/09/2010;3,00;-;;
11/09/2010;3,00;-;;
12/09/2010;3,00;-;;
13/09/2010;3,00;-;;
14/09/2010;3,00;-;;
15/09/2010;3,00;-;;
16/09/2010;3,00;-;;
17/09/2010;3,00;-;;
18/09/2010;3,00;-;;
19/09/2010;3,00;-;;
20/09/2010;3,00;-;;
21/09/2010;3,00;-;;
22/09/2010;3,00;-;;
23/09/2010;3,00;-;;
24/09/2010;3,00;-;;
25/09/2010;3,00;-;;
26/09/2010;3,00;-;;
27/09/2010;3,00;-;;
28/09/2010;3,00;-;;
29/09/2010;3,00;-;;
30/09/2010;3,00;72,90;;
01/10/2010;3,00;-;;
02/10/2010;3,00;-;;
03/10/2010;3,00;-;;
04/10/2010;3,00;-;;
05/10/2010;3,00;-;;
06/10/2010;3,00;-;;
07/10/2010;3,00;-;;
08/10/2010;3,00;-;;
09/10/2010;3,00;-;;
10/10/2010;3,00;-;;
11/10/2010;3,00;-;;
12/10/2010;3,00;-;;
13/10/2010;3,00;-;;
14/10/2010;3,00;-;;
15/10/2010;3,00;-;;
16/10/2010;3,00;-;;
17/10/2010;3,00;-;;
18/10/2010;3,00;-;;
19/10/2010;3,00;-;;
20/10/2010;3,00;-;;
21/10/2010;3,00;-;;
22/10/2010;3,00;-;;
23/10/2010;3,00;-;;
24/10/2010;3,00;-;;
25/10/2010;3,00;-;;
26/10/2010;3,00;-;;
27/10/2010;3,00;-;;
28/10/2010;3,00;-;;
29/10/2010;3,00;-;;
30/10/2010;3,00;-;;
31/10/2010;3,00;72,84;;
01/11/2010;3,00;-;;
02/11/2010;3,00;-;;
03/11/2010;3,00;-;;
04/11/2010;3,00;-;;
05/11/2010;3,00;-;;
06/11/2010;3,00;-;;
07/11/2010;3,00;-;;
08/11/2010;3,00;-;;
09/11/2010;3,00;-;;
10/11/2010;3,00;-;;
11/11/2010;3,00;-;;
12/11/2010;3,00;-;;
13/11/2010;3,00;-;;
14/11/2010;3,00;-;;
15/11/2010;3,00;-;;
16/11/2010;3,00;-;;
17/11/2010;3,00;-;;
18/11/2010;3,00;-;;
19/11/2010;3,00;-;;
20/11/2010;3,00;-;;
21/11/2010;3,00;-;;
22/11/2010;3,00;-;;
23/11/2010;3,00;-;;
24/11/2010;3,00;-;;
25/11/2010;3,00;-;;
26/11/2010;3,00;-;;
27/11/2010;3,00;-;;
28/11/2010;3,00;-;;
29/11/2010;3,00;-;;
30/11/2010;3,00;72,98;;
01/12/2010;3,00;-;;
02/12/2010;3,00;-;;
03/12/2010;3,00;-;;
04/12/2010;3,00;-;;
05/12/2010;3,00;-;;
06/12/2010;3,00;-;;
07/12/2010;3,00;-;;
08/12/2010;3,00;-;;
09/12/2010;3,00;-;;
10/12/2010;3,00;-;;
11/12/2010;3,00;-;;
12/12/2010;3,00;-;;
13/12/2010;3,00;-;;
14/12/2010;3,00;-;;
15/12/2010;3,00;-;;
16/12/2010;3,00;-;;
17/12/2010;3,00;-;;
18/12/2010;3,00;-;;
19/12/2010;3,00;-;;
20/12/2010;3,00;-;;
21/12/2010;3,00;-;;
22/12/2010;3,00;-;;
23/12/2010;3,00;-;;
24/12/2010;3,00;-;;
25/12/2010;3,00;-;;
26/12/2010;3,00;-;;
27/12/2010;3,00;-;;
28/12/2010;3,00;-;;
29/12/2010;3,00;-;;
30/12/2010;3,00;-;;
31/12/2010;3,00;73,45;;
01/01/2011;3,00;-;;
02/01/2011;3,00;-;;
03/01/2011;3,00;-;;
04/01/2011;3,00;-;;
05/01/2011;3,00;-;;
06/01/2011;3,00;-;;
07/01/2011;3,00;-;;
08/01/2011;3,00;-;;
09/01/2011;3,00;-;;
10/01/2011;3,00;-;;
11/01/2011;3,00;-;;
12/01/2011;3,00;-;;
13/01/2011;3,00;-;;
14/01/2011;3,00;-;;
15/01/2011;3,00;-;;
16/01/2011;3,00;-;;
17/01/2011;3,00;-;;
18/01/2011;3,00;-;;
19/01/2011;3,00;-;;
20/01/2011;3,00;-;;
21/01/2011;3,00;-;;
22/01/2011;3,00;-;;
23/01/2011;3,00;-;;
24/01/2011;3,00;-;;
25/01/2011;3,00;-;;
26/01/2011;3,00;-;;
27/01/2011;3,00;-;;
28/01/2011;3,00;-;;
29/01/2011;3,00;-;;
30/01/2011;3,00;-;;
31/01/2011;3,00;74,12;;
01/02/2011;3,00;-;;
02/02/2011;3,00;-;;
03/02/2011;3,00;-;;
04/02/2011;3,00;-;;
05/02/2011;3,00;-;;
06/02/2011;3,00;-;;
07/02/2011;3,00;-;;
08/02/2011;3,00;-;;
09/02/2011;3,00;-;;
10/02/2011;3,00;-;;
11/02/2011;3,00;-;;
12/02/2011;3,00;-;;
13/02/2011;3,00;-;;
14/02/2011;3,00;-;;
15/02/2011;3,00;-;;
16/02/2011;3,00;-;;
17/02/2011;3,00;-;;
18/02/2011;3,00;-;;
19/02/2011;3,00;-;;
20/02/2011;3,00;-;;
21/02/2011;3,00;-;;
22/02/2011;3,00;-;;
23/02/2011;3,00;-;;
24/02/2011;3,00;-;;
25/02/2011;3,00;-;;
26/02/2011;3,00;-;;
27/02/2011;3,00;-;;
28/02/2011;3,25;74,57;;
01/03/2011;3,25;-;;
02/03/2011;3,25;-;;
03/03/2011;3,25;-;;
04/03/2011;3,25;-;;
05/03/2011;3,25;-;;
06/03/2011;3,25;-;;
07/03/2011;3,25;-;;
08/03/2011;3,25;-;;
09/03/2011;3,25;-;;
10/03/2011;3,25;-;;
11/03/2011;3,25;-;;
12/03/2011;3,25;-;;
13/03/2011;3,25;-;;
14/03/2011;3,25;-;;
15/03/2011;3,25;-;;
16/03/2011;3,25;-;;
17/03/2011;3,25;-;;
18/03/2011;3,25;-;;
19/03/2011;3,25;-;;
20/03/2011;3,25;-;;
21/03/2011;3,25;-;;
22/03/2011;3,50;-;;
23/03/2011;3,50;-;;
24/03/2011;3,50;-;;
25/03/2011;3,50;-;;
26/03/2011;3,50;-;;
27/03/2011;3,50;-;;
28/03/2011;3,50;-;;
29/03/2011;3,50;-;;
30/03/2011;3,50;-;;
31/03/2011;3,50;74,77;;
01/04/2011;3,50;-;;
02/04/2011;3,50;-;;
03/04/2011;3,50;-;;
04/04/2011;3,50;-;;
05/04/2011;3,50;-;;
06/04/2011;3,50;-;;
07/04/2011;3,50;-;;
08/04/2011;3,50;-;;
09/04/2011;3,50;-;;
10/04/2011;3,50;-;;
11/04/2011;3,50;-;;
12/04/2011;3,50;-;;
13/04/2011;3,50;-;;
14/04/2011;3,50;-;;
15/04/2011;3,50;-;;
16/04/2011;3,50;-;;
17/04/2011;3,50;-;;
18/04/2011;3,50;-;;
19/04/2011;3,50;-;;
20/04/2011;3,50;-;;
21/04/2011;3,50;-;;
22/04/2011;3,50;-;;
23/04/2011;3,50;-;;
24/04/2011;3,50;-;;
25/04/2011;3,50;-;;
26/04/2011;3,50;-;;
27/04/2011;3,50;-;;
28/04/2011;3,50;-;;
29/04/2011;3,50;-;;
30/04/2011;3,50;74,86;;
01/05/2011;3,50;-;;
02/05/2011;3,75;-;;
03/05/2011;3,75;-;;
04/05/2011;3,75;-;;
05/05/2011;3,75;-;;
06/05/2011;3,75;-;;
07/05/2011;3,75;-;;
08/05/2011;3,75;-;;
09/05/2011;3,75;-;;
10/05/2011;3,75;-;;
11/05/2011;3,75;-;;
12/05/2011;3,75;-;;
13/05/2011;3,75;-;;
14/05/2011;3,75;-;;
15/05/2011;3,75;-;;
16/05/2011;3,75;-;;
17/05/2011;3,75;-;;
18/05/2011;3,75;-;;
19/05/2011;3,75;-;;
20/05/2011;3,75;-;;
21/05/2011;3,75;-;;
22/05/2011;3,75;-;;
23/05/2011;3,75;-;;
24/05/2011;3,75;-;;
25/05/2011;3,75;-;;
26/05/2011;3,75;-;;
27/05/2011;3,75;-;;
28/05/2011;3,75;-;;
29/05/2011;3,75;-;;
30/05/2011;3,75;-;;
31/05/2011;4,00;75,07;;
01/06/2011;4,00;-;;
02/06/2011;4,00;-;;
03/06/2011;4,00;-;;
04/06/2011;4,00;-;;
05/06/2011;4,00;-;;
06/06/2011;4,00;-;;
07/06/2011;4,00;-;;
08/06/2011;4,00;-;;
09/06/2011;4,00;-;;
10/06/2011;4,00;-;;
11/06/2011;4,00;-;;
12/06/2011;4,00;-;;
13/06/2011;4,00;-;;
14/06/2011;4,00;-;;
15/06/2011;4,00;-;;
16/06/2011;4,00;-;;
17/06/2011;4,00;-;;
18/06/2011;4,00;-;;
19/06/2011;4,00;-;;
20/06/2011;4,25;-;;
21/06/2011;4,25;-;;
22/06/2011;4,25;-;;
23/06/2011;4,25;-;;
24/06/2011;4,25;-;;
25/06/2011;4,25;-;;
26/06/2011;4,25;-;;
27/06/2011;4,25;-;;
28/06/2011;4,25;-;;
29/06/2011;4,25;-;;
30/06/2011;4,25;75,31;;
01/07/2011;4,25;-;;
02/07/2011;4,25;-;;
03/07/2011;4,25;-;;
04/07/2011;4,25;-;;
05/07/2011;4,25;-;;
06/07/2011;4,25;-;;
07/07/2011;4,25;-;;
08/07/2011;4,25;-;;
09/07/2011;4,25;-;;
10/07/2011;4,25;-;;
11/07/2011;4,25;-;;
12/07/2011;4,25;-;;
13/07/2011;4,25;-;;
14/07/2011;4,25;-;;
15/07/2011;4,25;-;;
16/07/2011;4,25;-;;
17/07/2011;4,25;-;;
18/07/2011;4,25;-;;
19/07/2011;4,25;-;;
20/07/2011;4,25;-;;
21/07/2011;4,25;-;;
22/07/2011;4,25;-;;
23/07/2011;4,25;-;;
24/07/2011;4,25;-;;
25/07/2011;4,25;-;;
26/07/2011;4,25;-;;
27/07/2011;4,25;-;;
28/07/2011;4,25;-;;
29/07/2011;4,25;-;;
30/07/2011;4,25;-;;
31/07/2011;4,25;75,42;;
01/08/2011;4,50;-;;
02/08/2011;4,50;-;;
03/08/2011;4,50;-;;
04/08/2011;4,50;-;;
05/08/2011;4,50;-;;
06/08/2011;4,50;-;;
07/08/2011;4,50;-;;
08/08/2011;4,50;-;;
09/08/2011;4,50;-;;
10/08/2011;4,50;-;;
11/08/2011;4,50;-;;
12/08/2011;4,50;-;;
13/08/2011;4,50;-;;
14/08/2011;4,50;-;;
15/08/2011;4,50;-;;
16/08/2011;4,50;-;;
17/08/2011;4,50;-;;
18/08/2011;4,50;-;;
19/08/2011;4,50;-;;
20/08/2011;4,50;-;;
21/08/2011;4,50;-;;
22/08/2011;4,50;-;;
23/08/2011;4,50;-;;
24/08/2011;4,50;-;;
25/08/2011;4,50;-;;
26/08/2011;4,50;-;;
27/08/2011;4,50;-;;
28/08/2011;4,50;-;;
29/08/2011;4,50;-;;
30/08/2011;4,50;-;;
31/08/2011;4,50;75,39;;
01/09/2011;4,50;-;;
02/09/2011;4,50;-;;
03/09/2011;4,50;-;;
04/09/2011;4,50;-;;
05/09/2011;4,50;-;;
06/09/2011;4,50;-;;
07/09/2011;4,50;-;;
08/09/2011;4,50;-;;
09/09/2011;4,50;-;;
10/09/2011;4,50;-;;
11/09/2011;4,50;-;;
12/09/2011;4,50;-;;
13/09/2011;4,50;-;;
14/09/2011;4,50;-;;
15/09/2011;4,50;-;;
16/09/2011;4,50;-;;
17/09/2011;4,50;-;;
18/09/2011;4,50;-;;
19/09/2011;4,50;-;;
20/09/2011;4,50;-;;
21/09/2011;4,50;-;;
22/09/2011;4,50;-;;
23/09/2011;4,50;-;;
24/09/2011;4,50;-;;
25/09/2011;4,50;-;;
26/09/2011;4,50;-;;
27/09/2011;4,50;-;;
28/09/2011;4,50;-;;
29/09/2011;4,50;-;;
30/09/2011;4,50;75,62;;
01/10/2011;4,50;-;;
02/10/2011;4,50;-;;
03/10/2011;4,50;-;;
04/10/2011;4,50;-;;
05/10/2011;4,50;-;;
06/10/2011;4,50;-;;
07/10/2011;4,50;-;;
08/10/2011;4,50;-;;
09/10/2011;4,50;-;;
10/10/2011;4,50;-;;
11/10/2011;4,50;-;;
12/10/2011;4,50;-;;
13/10/2011;4,50;-;;
14/10/2011;4,50;-;;
15/10/2011;4,50;-;;
16/10/2011;4,50;-;;
17/10/2011;4,50;-;;
18/10/2011;4,50;-;;
19/10/2011;4,50;-;;
20/10/2011;4,50;-;;
21/10/2011;4,50;-;;
22/10/2011;4,50;-;;
23/10/2011;4,50;-;;
24/10/2011;4,50;-;;
25/10/2011;4,50;-;;
26/10/2011;4,50;-;;
27/10/2011;4,50;-;;
28/10/2011;4,50;-;;
29/10/2011;4,50;-;;
30/10/2011;4,50;-;;
31/10/2011;4,50;75,77;;
01/11/2011;4,50;-;;
02/11/2011;4,50;-;;
03/11/2011;4,50;-;;
04/11/2011;4,50;-;;
05/11/2011;4,50;-;;
06/11/2011;4,50;-;;
07/11/2011;4,50;-;;
08/11/2011;4,50;-;;
09/11/2011;4,50;-;;
10/11/2011;4,50;-;;
11/11/2011;4,50;-;;
12/11/2011;4,50;-;;
13/11/2011;4,50;-;;
14/11/2011;4,50;-;;
15/11/2011;4,50;-;;
16/11/2011;4,50;-;;
17/11/2011;4,50;-;;
18/11/2011;4,50;-;;
19/11/2011;4,50;-;;
20/11/2011;4,50;-;;
21/11/2011;4,50;-;;
22/11/2011;4,50;-;;
23/11/2011;4,50;-;;
24/11/2011;4,50;-;;
25/11/2011;4,50;-;;
26/11/2011;4,50;-;;
27/11/2011;4,50;-;;
28/11/2011;4,75;-;;
29/11/2011;4,75;-;;
30/11/2011;4,75;75,87;;
01/12/2011;4,75;-;;
02/12/2011;4,75;-;;
03/12/2011;4,75;-;;
04/12/2011;4,75;-;;
05/12/2011;4,75;-;;
06/12/2011;4,75;-;;
07/12/2011;4,75;-;;
08/12/2011;4,75;-;;
09/12/2011;4,75;-;;
10/12/2011;4,75;-;;
11/12/2011;4,75;-;;
12/12/2011;4,75;-;;
13/12/2011;4,75;-;;
14/12/2011;4,75;-;;
15/12/2011;4,75;-;;
16/12/2011;4,75;-;;
17/12/2011;4,75;-;;
18/12/2011;4,75;-;;
19/12/2011;4,75;-;;
20/12/2011;4,75;-;;
21/12/2011;4,75;-;;
22/12/2011;4,75;-;;
23/12/2011;4,75;-;;
24/12/2011;4,75;-;;
25/12/2011;4,75;-;;
26/12/2011;4,75;-;;
27/12/2011;4,75;-;;
28/12/2011;4,75;-;;
29/12/2011;4,75;-;;
30/12/2011;4,75;-;;
31/12/2011;4,75;76,19;;
01/01/2012;4,75;-;;
02/01/2012;4,75;-;;
03/01/2012;4,75;-;;
04/01/2012;4,75;-;;
05/01/2012;4,75;-;;
06/01/2012;4,75;-;;
07/01/2012;4,75;-;;
08/01/2012;4,75;-;;
09/01/2012;4,75;-;;
10/01/2012;4,75;-;;
11/01/2012;4,75;-;;
12/01/2012;4,75;-;;
13/01/2012;4,75;-;;
14/01/2012;4,75;-;;
15/01/2012;4,75;-;;
16/01/2012;4,75;-;;
17/01/2012;4,75;-;;
18/01/2012;4,75;-;;
19/01/2012;4,75;-;;
20/01/2012;4,75;-;;
21/01/2012;4,75;-;;
22/01/2012;4,75;-;;
23/01/2012;4,75;-;;
24/01/2012;4,75;-;;
25/01/2012;4,75;-;;
26/01/2012;4,75;-;;
27/01/2012;4,75;-;;
28/01/2012;4,75;-;;
29/01/2012;4,75;-;;
30/01/2012;4,75;-;;
31/01/2012;5,00;76,75;;
01/02/2012;5,00;-;;
02/02/2012;5,00;-;;
03/02/2012;5,00;-;;
04/02/2012;5,00;-;;
05/02/2012;5,00;-;;
06/02/2012;5,00;-;;
07/02/2012;5,00;-;;
08/02/2012;5,00;-;;
09/02/2012;5,00;-;;
10/02/2012;5,00;-;;
11/02/2012;5,00;-;;
12/02/2012;5,00;-;;
13/02/2012;5,00;-;;
14/02/2012;5,00;-;;
15/02/2012;5,00;-;;
16/02/2012;5,00;-;;
17/02/2012;5,00;-;;
18/02/2012;5,00;-;;
19/02/2012;5,00;-;;
20/02/2012;5,00;-;;
21/02/2012;5,00;-;;
22/02/2012;5,00;-;;
23/02/2012;5,00;-;;
24/02/2012;5,00;-;;
25/02/2012;5,00;-;;
26/02/2012;5,00;-;;
27/02/2012;5,25;-;;
28/02/2012;5,25;-;;
29/02/2012;5,25;77,22;;
01/03/2012;5,25;-;;
02/03/2012;5,25;-;;
03/03/2012;5,25;-;;
04/03/2012;5,25;-;;
05/03/2012;5,25;-;;
06/03/2012;5,25;-;;
07/03/2012;5,25;-;;
08/03/2012;5,25;-;;
09/03/2012;5,25;-;;
10/03/2012;5,25;-;;
11/03/2012;5,25;-;;
12/03/2012;5,25;-;;
13/03/2012;5,25;-;;
14/03/2012;5,25;-;;
15/03/2012;5,25;-;;
16/03/2012;5,25;-;;
17/03/2012;5,25;-;;
18/03/2012;5,25;-;;
19/03/2012;5,25;-;;
20/03/2012;5,25;-;;
21/03/2012;5,25;-;;
22/03/2012;5,25;-;;
23/03/2012;5,25;-;;
24/03/2012;5,25;-;;
25/03/2012;5,25;-;;
26/03/2012;5,25;-;;
27/03/2012;5,25;-;;
28/03/2012;5,25;-;;
29/03/2012;5,25;-;;
30/03/2012;5,25;-;;
31/03/2012;5,25;77,31;;
01/04/2012;5,25;-;;
02/04/2012;5,25;-;;
03/04/2012;5,25;-;;
04/04/2012;5,25;-;;
05/04/2012;5,25;-;;
06/04/2012;5,25;-;;
07/04/2012;5,25;-;;
08/04/2012;5,25;-;;
09/04/2012;5,25;-;;
10/04/2012;5,25;-;;
11/04/2012;5,25;-;;
12/04/2012;5,25;-;;
13/04/2012;5,25;-;;
14/04/2012;5,25;-;;
15/04/2012;5,25;-;;
16/04/2012;5,25;-;;
17/04/2012;5,25;-;;
18/04/2012;5,25;-;;
19/04/2012;5,25;-;;
20/04/2012;5,25;-;;
21/04/2012;5,25;-;;
22/04/2012;5,25;-;;
23/04/2012;5,25;-;;
24/04/2012;5,25;-;;
25/04/2012;5,25;-;;
26/04/2012;5,25;-;;
27/04/2012;5,25;-;;
28/04/2012;5,25;-;;
29/04/2012;5,25;-;;
30/04/2012;5,25;77,42;;
01/05/2012;5,25;-;;
02/05/2012;5,25;-;;
03/05/2012;5,25;-;;
04/05/2012;5,25;-;;
05/05/2012;5,25;-;;
06/05/2012;5,25;-;;
07/05/2012;5,25;-;;
08/05/2012;5,25;-;;
09/05/2012;5,25;-;;
10/05/2012;5,25;-;;
11/05/2012;5,25;-;;
12/05/2012;5,25;-;;
13/05/2012;5,25;-;;
14/05/2012;5,25;-;;
15/05/2012;5,25;-;;
16/05/2012;5,25;-;;
17/05/2012;5,25;-;;
18/05/2012;5,25;-;;
19/05/2012;5,25;-;;
20/05/2012;5,25;-;;
21/05/2012;5,25;-;;
22/05/2012;5,25;-;;
23/05/2012;5,25;-;;
24/05/2012;5,25;-;;
25/05/2012;5,25;-;;
26/05/2012;5,25;-;;
27/05/2012;5,25;-;;
28/05/2012;5,25;-;;
29/05/2012;5,25;-;;
30/05/2012;5,25;-;;
31/05/2012;5,25;77,66;;
01/06/2012;5,25;-;;
02/06/2012;5,25;-;;
03/06/2012;5,25;-;;
04/06/2012;5,25;-;;
05/06/2012;5,25;-;;
06/06/2012;5,25;-;;
07/06/2012;5,25;-;;
08/06/2012;5,25;-;;
09/06/2012;5,25;-;;
10/06/2012;5,25;-;;
11/06/2012;5,25;-;;
12/06/2012;5,25;-;;
13/06/2012;5,25;-;;
14/06/2012;5,25;-;;
15/06/2012;5,25;-;;
16/06/2012;5,25;-;;
17/06/2012;5,25;-;;
18/06/2012;5,25;-;;
19/06/2012;5,25;-;;
20/06/2012;5,25;-;;
21/06/2012;5,25;-;;
22/06/2012;5,25;-;;
23/06/2012;5,25;-;;
24/06/2012;5,25;-;;
25/06/2012;5,25;-;;
26/06/2012;5,25;-;;
27/06/2012;5,25;-;;
28/06/2012;5,25;-;;
29/06/2012;5,25;-;;
30/06/2012;5,25;77,72;;
01/07/2012;5,25;-;;
02/07/2012;5,25;-;;
03/07/2012;5,25;-;;
04/07/2012;5,25;-;;
05/07/2012;5,25;-;;
06/07/2012;5,25;-;;
07/07/2012;5,25;-;;
08/07/2012;5,25;-;;
09/07/2012;5,25;-;;
10/07/2012;5,25;-;;
11/07/2012;5,25;-;;
12/07/2012;5,25;-;;
13/07/2012;5,25;-;;
14/07/2012;5,25;-;;
15/07/2012;5,25;-;;
16/07/2012;5,25;-;;
17/07/2012;5,25;-;;
18/07/2012;5,25;-;;
19/07/2012;5,25;-;;
20/07/2012;5,25;-;;
21/07/2012;5,25;-;;
22/07/2012;5,25;-;;
23/07/2012;5,25;-;;
24/07/2012;5,25;-;;
25/07/2012;5,25;-;;
26/07/2012;5,25;-;;
27/07/2012;5,25;-;;
28/07/2012;5,25;-;;
29/07/2012;5,25;-;;
30/07/2012;5,00;-;;
31/07/2012;5,00;77,70;;
01/08/2012;5,00;-;;
02/08/2012;5,00;-;;
03/08/2012;5,00;-;;
04/08/2012;5,00;-;;
05/08/2012;5,00;-;;
06/08/2012;5,00;-;;
07/08/2012;5,00;-;;
08/08/2012;5,00;-;;
09/08/2012;5,00;-;;
10/08/2012;5,00;-;;
11/08/2012;5,00;-;;
12/08/2012;5,00;-;;
13/08/2012;5,00;-;;
14/08/2012;5,00;-;;
15/08/2012;5,00;-;;
16/08/2012;5,00;-;;
17/08/2012;5,00;-;;
18/08/2012;5,00;-;;
19/08/2012;5,00;-;;
20/08/2012;5,00;-;;
21/08/2012;5,00;-;;
22/08/2012;5,00;-;;
23/08/2012;5,00;-;;
24/08/2012;5,00;-;;
25/08/2012;5,00;-;;
26/08/2012;5,00;-;;
27/08/2012;4,75;-;;
28/08/2012;4,75;-;;
29/08/2012;4,75;-;;
30/08/2012;4,75;-;;
31/08/2012;4,75;77,73;;
01/09/2012;4,75;-;;
02/09/2012;4,75;-;;
03/09/2012;4,75;-;;
04/09/2012;4,75;-;;
05/09/2012;4,75;-;;
06/09/2012;4,75;-;;
07/09/2012;4,75;-;;
08/09/2012;4,75;-;;
09/09/2012;4,75;-;;
10/09/2012;4,75;-;;
11/09/2012;4,75;-;;
12/09/2012;4,75;-;;
13/09/2012;4,75;-;;
14/09/2012;4,75;-;;
15/09/2012;4,75;-;;
16/09/2012;4,75;-;;
17/09/2012;4,75;-;;
18/09/2012;4,75;-;;
19/09/2012;4,75;-;;
20/09/2012;4,75;-;;
21/09/2012;4,75;-;;
22/09/2012;4,75;-;;
23/09/2012;4,75;-;;
24/09/2012;4,75;-;;
25/09/2012;4,75;-;;
26/09/2012;4,75;-;;
27/09/2012;4,75;-;;
28/09/2012;4,75;-;;
29/09/2012;4,75;-;;
30/09/2012;4,75;77,96;;
01/10/2012;4,75;-;;
02/10/2012;4,75;-;;
03/10/2012;4,75;-;;
04/10/2012;4,75;-;;
05/10/2012;4,75;-;;
06/10/2012;4,75;-;;
07/10/2012;4,75;-;;
08/10/2012;4,75;-;;
09/10/2012;4,75;-;;
10/10/2012;4,75;-;;
11/10/2012;4,75;-;;
12/10/2012;4,75;-;;
13/10/2012;4,75;-;;
14/10/2012;4,75;-;;
15/10/2012;4,75;-;;
16/10/2012;4,75;-;;
17/10/2012;4,75;-;;
18/10/2012;4,75;-;;
19/10/2012;4,75;-;;
20/10/2012;4,75;-;;
21/10/2012;4,75;-;;
22/10/2012;4,75;-;;
23/10/2012;4,75;-;;
24/10/2012;4,75;-;;
25/10/2012;4,75;-;;
26/10/2012;4,75;-;;
27/10/2012;4,75;-;;
28/10/2012;4,75;-;;
29/10/2012;4,75;-;;
30/10/2012;4,75;-;;
31/10/2012;4,75;78,08;;
01/11/2012;4,75;-;;
02/11/2012;4,75;-;;
03/11/2012;4,75;-;;
04/11/2012;4,75;-;;
05/11/2012;4,75;-;;
06/11/2012;4,75;-;;
07/11/2012;4,75;-;;
08/11/2012;4,75;-;;
09/11/2012;4,75;-;;
10/11/2012;4,75;-;;
11/11/2012;4,75;-;;
12/11/2012;4,75;-;;
13/11/2012;4,75;-;;
14/11/2012;4,75;-;;
15/11/2012;4,75;-;;
16/11/2012;4,75;-;;
17/11/2012;4,75;-;;
18/11/2012;4,75;-;;
19/11/2012;4,75;-;;
20/11/2012;4,75;-;;
21/11/2012;4,75;-;;
22/11/2012;4,75;-;;
23/11/2012;4,75;-;;
24/11/2012;4,75;-;;
25/11/2012;4,75;-;;
26/11/2012;4,50;-;;
27/11/2012;4,50;-;;
28/11/2012;4,50;-;;
29/11/2012;4,50;-;;
30/11/2012;4,50;77,98;;
01/12/2012;4,50;-;;
02/12/2012;4,50;-;;
03/12/2012;4,50;-;;
04/12/2012;4,50;-;;
05/12/2012;4,50;-;;
06/12/2012;4,50;-;;
07/12/2012;4,50;-;;
08/12/2012;4,50;-;;
09/12/2012;4,50;-;;
10/12/2012;4,50;-;;
11/12/2012;4,50;-;;
12/12/2012;4,50;-;;
13/12/2012;4,50;-;;
14/12/2012;4,50;-;;
15/12/2012;4,50;-;;
16/12/2012;4,50;-;;
17/12/2012;4,50;-;;
18/12/2012;4,50;-;;
19/12/2012;4,50;-;;
20/12/2012;4,50;-;;
21/12/2012;4,50;-;;
22/12/2012;4,50;-;;
23/12/2012;4,50;-;;
24/12/2012;4,25;-;;
25/12/2012;4,25;-;;
26/12/2012;4,25;-;;
27/12/2012;4,25;-;;
28/12/2012;4,25;-;;
29/12/2012;4,25;-;;
30/12/2012;4,25;-;;
31/12/2012;4,25;78,05;;
01/01/2013;4,25;-;;
02/01/2013;4,25;-;;
03/01/2013;4,25;-;;
04/01/2013;4,25;-;;
05/01/2013;4,25;-;;
06/01/2013;4,25;-;;
07/01/2013;4,25;-;;
08/01/2013;4,25;-;;
09/01/2013;4,25;-;;
10/01/2013;4,25;-;;
11/01/2013;4,25;-;;
12/01/2013;4,25;-;;
13/01/2013;4,25;-;;
14/01/2013;4,25;-;;
15/01/2013;4,25;-;;
16/01/2013;4,25;-;;
17/01/2013;4,25;-;;
18/01/2013;4,25;-;;
19/01/2013;4,25;-;;
20/01/2013;4,25;-;;
21/01/2013;4,25;-;;
22/01/2013;4,25;-;;
23/01/2013;4,25;-;;
24/01/2013;4,25;-;;
25/01/2013;4,25;-;;
26/01/2013;4,25;-;;
27/01/2013;4,25;-;;
28/01/2013;4,25;-;;
29/01/2013;4,00;-;;
30/01/2013;4,00;-;;
31/01/2013;4,00;78,28;;
01/02/2013;4,00;-;;
02/02/2013;4,00;-;;
03/02/2013;4,00;-;;
04/02/2013;4,00;-;;
05/02/2013;4,00;-;;
06/02/2013;4,00;-;;
07/02/2013;4,00;-;;
08/02/2013;4,00;-;;
09/02/2013;4,00;-;;
10/02/2013;4,00;-;;
11/02/2013;4,00;-;;
12/02/2013;4,00;-;;
13/02/2013;4,00;-;;
14/02/2013;4,00;-;;
15/02/2013;4,00;-;;
16/02/2013;4,00;-;;
17/02/2013;4,00;-;;
18/02/2013;4,00;-;;
19/02/2013;4,00;-;;
20/02/2013;4,00;-;;
21/02/2013;4,00;-;;
22/02/2013;4,00;-;;
23/02/2013;4,00;-;;
24/02/2013;4,00;-;;
25/02/2013;3,75;-;;
26/02/2013;3,75;-;;
27/02/2013;3,75;-;;
28/02/2013;3,75;78,63;;
01/03/2013;3,75;-;;
02/03/2013;3,75;-;;
03/03/2013;3,75;-;;
04/03/2013;3,75;-;;
05/03/2013;3,75;-;;
06/03/2013;3,75;-;;
07/03/2013;3,75;-;;
08/03/2013;3,75;-;;
09/03/2013;3,75;-;;
10/03/2013;3,75;-;;
11/03/2013;3,75;-;;
12/03/2013;3,75;-;;
13/03/2013;3,75;-;;
14/03/2013;3,75;-;;
15/03/2013;3,75;-;;
16/03/2013;3,75;-;;
17/03/2013;3,75;-;;
18/03/2013;3,75;-;;
19/03/2013;3,75;-;;
20/03/2013;3,75;-;;
21/03/2013;3,75;-;;
22/03/2013;3,75;-;;
23/03/2013;3,75;-;;
24/03/2013;3,75;-;;
25/03/2013;3,75;-;;
26/03/2013;3,25;-;;
27/03/2013;3,25;-;;
28/03/2013;3,25;-;;
29/03/2013;3,25;-;;
30/03/2013;3,25;-;;
31/03/2013;3,25;78,79;;
01/04/2013;3,25;-;;
02/04/2013;3,25;-;;
03/04/2013;3,25;-;;
04/04/2013;3,25;-;;
05/04/2013;3,25;-;;
06/04/2013;3,25;-;;
07/04/2013;3,25;-;;
08/04/2013;3,25;-;;
09/04/2013;3,25;-;;
10/04/2013;3,25;-;;
11/04/2013;3,25;-;;
12/04/2013;3,25;-;;
13/04/2013;3,25;-;;
14/04/2013;3,25;-;;
15/04/2013;3,25;-;;
16/04/2013;3,25;-;;
17/04/2013;3,25;-;;
18/04/2013;3,25;-;;
19/04/2013;3,25;-;;
20/04/2013;3,25;-;;
21/04/2013;3,25;-;;
22/04/2013;3,25;-;;
23/04/2013;3,25;-;;
24/04/2013;3,25;-;;
25/04/2013;3,25;-;;
26/04/2013;3,25;-;;
27/04/2013;3,25;-;;
28/04/2013;3,25;-;;
29/04/2013;3,25;-;;
30/04/2013;3,25;78,99;;
01/05/2013;3,25;-;;
02/05/2013;3,25;-;;
03/05/2013;3,25;-;;
04/05/2013;3,25;-;;
05/05/2013;3,25;-;;
06/05/2013;3,25;-;;
07/05/2013;3,25;-;;
08/05/2013;3,25;-;;
09/05/2013;3,25;-;;
10/05/2013;3,25;-;;
11/05/2013;3,25;-;;
12/05/2013;3,25;-;;
13/05/2013;3,25;-;;
14/05/2013;3,25;-;;
15/05/2013;3,25;-;;
16/05/2013;3,25;-;;
17/05/2013;3,25;-;;
18/05/2013;3,25;-;;
19/05/2013;3,25;-;;
20/05/2013;3,25;-;;
21/05/2013;3,25;-;;
22/05/2013;3,25;-;;
23/05/2013;3,25;-;;
24/05/2013;3,25;-;;
25/05/2013;3,25;-;;
26/05/2013;3,25;-;;
27/05/2013;3,25;-;;
28/05/2013;3,25;-;;
29/05/2013;3,25;-;;
30/05/2013;3,25;-;;
31/05/2013;3,25;79,21;;
01/06/2013;3,25;-;;
02/06/2013;3,25;-;;
03/06/2013;3,25;-;;
04/06/2013;3,25;-;;
05/06/2013;3,25;-;;
06/06/2013;3,25;-;;
07/06/2013;3,25;-;;
08/06/2013;3,25;-;;
09/06/2013;3,25;-;;
10/06/2013;3,25;-;;
11/06/2013;3,25;-;;
12/06/2013;3,25;-;;
13/06/2013;3,25;-;;
14/06/2013;3,25;-;;
15/06/2013;3,25;-;;
16/06/2013;3,25;-;;
17/06/2013;3,25;-;;
18/06/2013;3,25;-;;
19/06/2013;3,25;-;;
20/06/2013;3,25;-;;
21/06/2013;3,25;-;;
22/06/2013;3,25;-;;
23/06/2013;3,25;-;;
24/06/2013;3,25;-;;
25/06/2013;3,25;-;;
26/06/2013;3,25;-;;
27/06/2013;3,25;-;;
28/06/2013;3,25;-;;
29/06/2013;3,25;-;;
30/06/2013;3,25;79,39;;
01/07/2013;3,25;-;;
02/07/2013;3,25;-;;
03/07/2013;3,25;-;;
04/07/2013;3,25;-;;
05/07/2013;3,25;-;;
06/07/2013;3,25;-;;
07/07/2013;3,25;-;;
08/07/2013;3,25;-;;
09/07/2013;3,25;-;;
10/07/2013;3,25;-;;
11/07/2013;3,25;-;;
12/07/2013;3,25;-;;
13/07/2013;3,25;-;;
14/07/2013;3,25;-;;
15/07/2013;3,25;-;;
16/07/2013;3,25;-;;
17/07/2013;3,25;-;;
18/07/2013;3,25;-;;
19/07/2013;3,25;-;;
20/07/2013;3,25;-;;
21/07/2013;3,25;-;;
22/07/2013;3,25;-;;
23/07/2013;3,25;-;;
24/07/2013;3,25;-;;
25/07/2013;3,25;-;;
26/07/2013;3,25;-;;
27/07/2013;3,25;-;;
28/07/2013;3,25;-;;
29/07/2013;3,25;-;;
30/07/2013;3,25;-;;
31/07/2013;3,25;79,43;;
01/08/2013;3,25;-;;
02/08/2013;3,25;-;;
03/08/2013;3,25;-;;
04/08/2013;3,25;-;;
05/08/2013;3,25;-;;
06/08/2013;3,25;-;;
07/08/2013;3,25;-;;
08/08/2013;3,25;-;;
09/08/2013;3,25;-;;
10/08/2013;3,25;-;;
11/08/2013;3,25;-;;
12/08/2013;3,25;-;;
13/08/2013;3,25;-;;
14/08/2013;3,25;-;;
15/08/2013;3,25;-;;
16/08/2013;3,25;-;;
17/08/2013;3,25;-;;
18/08/2013;3,25;-;;
19/08/2013;3,25;-;;
20/08/2013;3,25;-;;
21/08/2013;3,25;-;;
22/08/2013;3,25;-;;
23/08/2013;3,25;-;;
24/08/2013;3,25;-;;
25/08/2013;3,25;-;;
26/08/2013;3,25;-;;
27/08/2013;3,25;-;;
28/08/2013;3,25;-;;
29/08/2013;3,25;-;;
30/08/2013;3,25;-;;
31/08/2013;3,25;79,50;;
01/09/2013;3,25;-;;
02/09/2013;3,25;-;;
03/09/2013;3,25;-;;
04/09/2013;3,25;-;;
05/09/2013;3,25;-;;
06/09/2013;3,25;-;;
07/09/2013;3,25;-;;
08/09/2013;3,25;-;;
09/09/2013;3,25;-;;
10/09/2013;3,25;-;;
11/09/2013;3,25;-;;
12/09/2013;3,25;-;;
13/09/2013;3,25;-;;
14/09/2013;3,25;-;;
15/09/2013;3,25;-;;
16/09/2013;3,25;-;;
17/09/2013;3,25;-;;
18/09/2013;3,25;-;;
19/09/2013;3,25;-;;
20/09/2013;3,25;-;;
21/09/2013;3,25;-;;
22/09/2013;3,25;-;;
23/09/2013;3,25;-;;
24/09/2013;3,25;-;;
25/09/2013;3,25;-;;
26/09/2013;3,25;-;;
27/09/2013;3,25;-;;
28/09/2013;3,25;-;;
29/09/2013;3,25;-;;
30/09/2013;3,25;79,73;;
01/10/2013;3,25;-;;
02/10/2013;3,25;-;;
03/10/2013;3,25;-;;
04/10/2013;3,25;-;;
05/10/2013;3,25;-;;
06/10/2013;3,25;-;;
07/10/2013;3,25;-;;
08/10/2013;3,25;-;;
09/10/2013;3,25;-;;
10/10/2013;3,25;-;;
11/10/2013;3,25;-;;
12/10/2013;3,25;-;;
13/10/2013;3,25;-;;
14/10/2013;3,25;-;;
15/10/2013;3,25;-;;
16/10/2013;3,25;-;;
17/10/2013;3,25;-;;
18/10/2013;3,25;-;;
19/10/2013;3,25;-;;
20/10/2013;3,25;-;;
21/10/2013;3,25;-;;
22/10/2013;3,25;-;;
23/10/2013;3,25;-;;
24/10/2013;3,25;-;;
25/10/2013;3,25;-;;
26/10/2013;3,25;-;;
27/10/2013;3,25;-;;
28/10/2013;3,25;-;;
29/10/2013;3,25;-;;
30/10/2013;3,25;-;;
31/10/2013;3,25;79,52;;
01/11/2013;3,25;-;;
02/11/2013;3,25;-;;
03/11/2013;3,25;-;;
04/11/2013;3,25;-;;
05/11/2013;3,25;-;;
06/11/2013;3,25;-;;
07/11/2013;3,25;-;;
08/11/2013;3,25;-;;
09/11/2013;3,25;-;;
10/11/2013;3,25;-;;
11/11/2013;3,25;-;;
12/11/2013;3,25;-;;
13/11/2013;3,25;-;;
14/11/2013;3,25;-;;
15/11/2013;3,25;-;;
16/11/2013;3,25;-;;
17/11/2013;3,25;-;;
18/11/2013;3,25;-;;
19/11/2013;3,25;-;;
20/11/2013;3,25;-;;
21/11/2013;3,25;-;;
22/11/2013;3,25;-;;
23/11/2013;3,25;-;;
24/11/2013;3,25;-;;
25/11/2013;3,25;-;;
26/11/2013;3,25;-;;
27/11/2013;3,25;-;;
28/11/2013;3,25;-;;
29/11/2013;3,25;-;;
30/11/2013;3,25;79,35;;
01/12/2013;3,25;-;;
02/12/2013;3,25;-;;
03/12/2013;3,25;-;;
04/12/2013;3,25;-;;
05/12/2013;3,25;-;;
06/12/2013;3,25;-;;
07/12/2013;3,25;-;;
08/12/2013;3,25;-;;
09/12/2013;3,25;-;;
10/12/2013;3,25;-;;
11/12/2013;3,25;-;;
12/12/2013;3,25;-;;
13/12/2013;3,25;-;;
14/12/2013;3,25;-;;
15/12/2013;3,25;-;;
16/12/2013;3,25;-;;
17/12/2013;3,25;-;;
18/12/2013;3,25;-;;
19/12/2013;3,25;-;;
20/12/2013;3,25;-;;
21/12/2013;3,25;-;;
22/12/2013;3,25;-;;
23/12/2013;3,25;-;;
24/12/2013;3,25;-;;
25/12/2013;3,25;-;;
26/12/2013;3,25;-;;
27/12/2013;3,25;-;;
28/12/2013;3,25;-;;
29/12/2013;3,25;-;;
30/12/2013;3,25;-;;
31/12/2013;3,25;79,56;;
01/01/2014;3,25;-;;
02/01/2014;3,25;-;;
03/01/2014;3,25;-;;
04/01/2014;3,25;-;;
05/01/2014;3,25;-;;
06/01/2014;3,25;-;;
07/01/2014;3,25;-;;
08/01/2014;3,25;-;;
09/01/2014;3,25;-;;
10/01/2014;3,25;-;;
11/01/2014;3,25;-;;
12/01/2014;3,25;-;;
13/01/2014;3,25;-;;
14/01/2014;3,25;-;;
15/01/2014;3,25;-;;
16/01/2014;3,25;-;;
17/01/2014;3,25;-;;
18/01/2014;3,25;-;;
19/01/2014;3,25;-;;
20/01/2014;3,25;-;;
21/01/2014;3,25;-;;
22/01/2014;3,25;-;;
23/01/2014;3,25;-;;
24/01/2014;3,25;-;;
25/01/2014;3,25;-;;
26/01/2014;3,25;-;;
27/01/2014;3,25;-;;
28/01/2014;3,25;-;;
29/01/2014;3,25;-;;
30/01/2014;3,25;-;;
31/01/2014;3,25;79,95;;
01/02/2014;3,25;-;;
02/02/2014;3,25;-;;
03/02/2014;3,25;-;;
04/02/2014;3,25;-;;
05/02/2014;3,25;-;;
06/02/2014;3,25;-;;
07/02/2014;3,25;-;;
08/02/2014;3,25;-;;
09/02/2014;3,25;-;;
10/02/2014;3,25;-;;
11/02/2014;3,25;-;;
12/02/2014;3,25;-;;
13/02/2014;3,25;-;;
14/02/2014;3,25;-;;
15/02/2014;3,25;-;;
16/02/2014;3,25;-;;
17/02/2014;3,25;-;;
18/02/2014;3,25;-;;
19/02/2014;3,25;-;;
20/02/2014;3,25;-;;
21/02/2014;3,25;-;;
22/02/2014;3,25;-;;
23/02/2014;3,25;-;;
24/02/2014;3,25;-;;
25/02/2014;3,25;-;;
26/02/2014;3,25;-;;
27/02/2014;3,25;-;;
28/02/2014;3,25;80,45;;
01/03/2014;3,25;-;;
02/03/2014;3,25;-;;
03/03/2014;3,25;-;;
04/03/2014;3,25;-;;
05/03/2014;3,25;-;;
06/03/2014;3,25;-;;
07/03/2014;3,25;-;;
08/03/2014;3,25;-;;
09/03/2014;3,25;-;;
10/03/2014;3,25;-;;
11/03/2014;3,25;-;;
12/03/2014;3,25;-;;
13/03/2014;3,25;-;;
14/03/2014;3,25;-;;
15/03/2014;3,25;-;;
16/03/2014;3,25;-;;
17/03/2014;3,25;-;;
18/03/2014;3,25;-;;
19/03/2014;3,25;-;;
20/03/2014;3,25;-;;
21/03/2014;3,25;-;;
22/03/2014;3,25;-;;
23/03/2014;3,25;-;;
24/03/2014;3,25;-;;
25/03/2014;3,25;-;;
26/03/2014;3,25;-;;
27/03/2014;3,25;-;;
28/03/2014;3,25;-;;
29/03/2014;3,25;-;;
30/03/2014;3,25;-;;
31/03/2014;3,25;80,77;;
01/04/2014;3,25;-;;
02/04/2014;3,25;-;;
03/04/2014;3,25;-;;
04/04/2014;3,25;-;;
05/04/2014;3,25;-;;
06/04/2014;3,25;-;;
07/04/2014;3,25;-;;
08/04/2014;3,25;-;;
09/04/2014;3,25;-;;
10/04/2014;3,25;-;;
11/04/2014;3,25;-;;
12/04/2014;3,25;-;;
13/04/2014;3,25;-;;
14/04/2014;3,25;-;;
15/04/2014;3,25;-;;
16/04/2014;3,25;-;;
17/04/2014;3,25;-;;
18/04/2014;3,25;-;;
19/04/2014;3,25;-;;
20/04/2014;3,25;-;;
21/04/2014;3,25;-;;
22/04/2014;3,25;-;;
23/04/2014;3,25;-;;
24/04/2014;3,25;-;;
25/04/2014;3,25;-;;
26/04/2014;3,25;-;;
27/04/2014;3,25;-;;
28/04/2014;3,50;-;;
29/04/2014;3,50;-;;
30/04/2014;3,50;81,14;;
01/05/2014;3,50;-;;
02/05/2014;3,50;-;;
03/05/2014;3,50;-;;
04/05/2014;3,50;-;;
05/05/2014;3,50;-;;
06/05/2014;3,50;-;;
07/05/2014;3,50;-;;
08/05/2014;3,50;-;;
09/05/2014;3,50;-;;
10/05/2014;3,50;-;;
11/05/2014;3,50;-;;
12/05/2014;3,50;-;;
13/05/2014;3,50;-;;
14/05/2014;3,50;-;;
15/05/2014;3,50;-;;
16/05/2014;3,50;-;;
17/05/2014;3,50;-;;
18/05/2014;3,50;-;;
19/05/2014;3,50;-;;
20/05/2014;3,50;-;;
21/05/2014;3,50;-;;
22/05/2014;3,50;-;;
23/05/2014;3,50;-;;
24/05/2014;3,50;-;;
25/05/2014;3,50;-;;
26/05/2014;3,50;-;;
27/05/2014;3,50;-;;
28/05/2014;3,50;-;;
29/05/2014;3,50;-;;
30/05/2014;3,50;-;;
31/05/2014;3,50;81,53;;
01/06/2014;3,50;-;;
02/06/2014;3,50;-;;
03/06/2014;3,75;-;;
04/06/2014;3,75;-;;
05/06/2014;3,75;-;;
06/06/2014;3,75;-;;
07/06/2014;3,75;-;;
08/06/2014;3,75;-;;
09/06/2014;3,75;-;;
10/06/2014;3,75;-;;
11/06/2014;3,75;-;;
12/06/2014;3,75;-;;
13/06/2014;3,75;-;;
14/06/2014;3,75;-;;
15/06/2014;3,75;-;;
16/06/2014;3,75;-;;
17/06/2014;3,75;-;;
18/06/2014;3,75;-;;
19/06/2014;3,75;-;;
20/06/2014;3,75;-;;
21/06/2014;3,75;-;;
22/06/2014;3,75;-;;
23/06/2014;3,75;-;;
24/06/2014;4,00;-;;
25/06/2014;4,00;-;;
26/06/2014;4,00;-;;
27/06/2014;4,00;-;;
28/06/2014;4,00;-;;
29/06/2014;4,00;-;;
30/06/2014;4,00;81,61;;
01/07/2014;4,00;-;;
02/07/2014;4,00;-;;
03/07/2014;4,00;-;;
04/07/2014;4,00;-;;
05/07/2014;4,00;-;;
06/07/2014;4,00;-;;
07/07/2014;4,00;-;;
08/07/2014;4,00;-;;
09/07/2014;4,00;-;;
10/07/2014;4,00;-;;
11/07/2014;4,00;-;;
12/07/2014;4,00;-;;
13/07/2014;4,00;-;;
14/07/2014;4,00;-;;
15/07/2014;4,00;-;;
16/07/2014;4,00;-;;
17/07/2014;4,00;-;;
18/07/2014;4,00;-;;
19/07/2014;4,00;-;;
20/07/2014;4,00;-;;
21/07/2014;4,00;-;;
22/07/2014;4,00;-;;
23/07/2014;4,00;-;;
24/07/2014;4,00;-;;
25/07/2014;4,00;-;;
26/07/2014;4,00;-;;
27/07/2014;4,00;-;;
28/07/2014;4,00;-;;
29/07/2014;4,00;-;;
30/07/2014;4,00;-;;
31/07/2014;4,00;81,73;;
01/08/2014;4,25;-;;
02/08/2014;4,25;-;;
03/08/2014;4,25;-;;
04/08/2014;4,25;-;;
05/08/2014;4,25;-;;
06/08/2014;4,25;-;;
07/08/2014;4,25;-;;
08/08/2014;4,25;-;;
09/08/2014;4,25;-;;
10/08/2014;4,25;-;;
11/08/2014;4,25;-;;
12/08/2014;4,25;-;;
13/08/2014;4,25;-;;
14/08/2014;4,25;-;;
15/08/2014;4,25;-;;
16/08/2014;4,25;-;;
17/08/2014;4,25;-;;
18/08/2014;4,25;-;;
19/08/2014;4,25;-;;
20/08/2014;4,25;-;;
21/08/2014;4,25;-;;
22/08/2014;4,25;-;;
23/08/2014;4,25;-;;
24/08/2014;4,25;-;;
25/08/2014;4,25;-;;
26/08/2014;4,25;-;;
27/08/2014;4,25;-;;
28/08/2014;4,25;-;;
29/08/2014;4,25;-;;
30/08/2014;4,25;-;;
31/08/2014;4,25;81,90;;
01/09/2014;4,50;-;;
02/09/2014;4,50;-;;
03/09/2014;4,50;-;;
04/09/2014;4,50;-;;
05/09/2014;4,50;-;;
06/09/2014;4,50;-;;
07/09/2014;4,50;-;;
08/09/2014;4,50;-;;
09/09/2014;4,50;-;;
10/09/2014;4,50;-;;
11/09/2014;4,50;-;;
12/09/2014;4,50;-;;
13/09/2014;4,50;-;;
14/09/2014;4,50;-;;
15/09/2014;4,50;-;;
16/09/2014;4,50;-;;
17/09/2014;4,50;-;;
18/09/2014;4,50;-;;
19/09/2014;4,50;-;;
20/09/2014;4,50;-;;
21/09/2014;4,50;-;;
22/09/2014;4,50;-;;
23/09/2014;4,50;-;;
24/09/2014;4,50;-;;
25/09/2014;4,50;-;;
26/09/2014;4,50;-;;
27/09/2014;4,50;-;;
28/09/2014;4,50;-;;
29/09/2014;4,50;-;;
30/09/2014;4,50;82,01;;
01/10/2014;4,50;-;;
02/10/2014;4,50;-;;
03/10/2014;4,50;-;;
04/10/2014;4,50;-;;
05/10/2014;4,50;-;;
06/10/2014;4,50;-;;
07/10/2014;4,50;-;;
08/10/2014;4,50;-;;
09/10/2014;4,50;-;;
10/10/2014;4,50;-;;
11/10/2014;4,50;-;;
12/10/2014;4,50;-;;
13/10/2014;4,50;-;;
14/10/2014;4,50;-;;
15/10/2014;4,50;-;;
16/10/2014;4,50;-;;
17/10/2014;4,50;-;;
18/10/2014;4,50;-;;
19/10/2014;4,50;-;;
20/10/2014;4,50;-;;
21/10/2014;4,50;-;;
22/10/2014;4,50;-;;
23/10/2014;4,50;-;;
24/10/2014;4,50;-;;
25/10/2014;4,50;-;;
26/10/2014;4,50;-;;
27/10/2014;4,50;-;;
28/10/2014;4,50;-;;
29/10/2014;4,50;-;;
30/10/2014;4,50;-;;
31/10/2014;4,50;82,14;;
01/11/2014;4,50;-;;
02/11/2014;4,50;-;;
03/11/2014;4,50;-;;
04/11/2014;4,50;-;;
05/11/2014;4,50;-;;
06/11/2014;4,50;-;;
07/11/2014;4,50;-;;
08/11/2014;4,50;-;;
09/11/2014;4,50;-;;
10/11/2014;4,50;-;;
11/11/2014;4,50;-;;
12/11/2014;4,50;-;;
13/11/2014;4,50;-;;
14/11/2014;4,50;-;;
15/11/2014;4,50;-;;
16/11/2014;4,50;-;;
17/11/2014;4,50;-;;
18/11/2014;4,50;-;;
19/11/2014;4,50;-;;
20/11/2014;4,50;-;;
21/11/2014;4,50;-;;
22/11/2014;4,50;-;;
23/11/2014;4,50;-;;
24/11/2014;4,50;-;;
25/11/2014;4,50;-;;
26/11/2014;4,50;-;;
27/11/2014;4,50;-;;
28/11/2014;4,50;-;;
29/11/2014;4,50;-;;
30/11/2014;4,50;82,25;;
01/12/2014;4,50;-;;
02/12/2014;4,50;-;;
03/12/2014;4,50;-;;
04/12/2014;4,50;-;;
05/12/2014;4,50;-;;
06/12/2014;4,50;-;;
07/12/2014;4,50;-;;
08/12/2014;4,50;-;;
09/12/2014;4,50;-;;
10/12/2014;4,50;-;;
11/12/2014;4,50;-;;
12/12/2014;4,50;-;;
13/12/2014;4,50;-;;
14/12/2014;4,50;-;;
15/12/2014;4,50;-;;
16/12/2014;4,50;-;;
17/12/2014;4,50;-;;
18/12/2014;4,50;-;;
19/12/2014;4,50;-;;
20/12/2014;4,50;-;;
21/12/2014;4,50;-;;
22/12/2014;4,50;-;;
23/12/2014;4,50;-;;
24/12/2014;4,50;-;;
25/12/2014;4,50;-;;
26/12/2014;4,50;-;;
27/12/2014;4,50;-;;
28/12/2014;4,50;-;;
29/12/2014;4,50;-;;
30/12/2014;4,50;-;;
31/12/2014;4,50;82,47;;
01/01/2015;4,50;-;;
02/01/2015;4,50;-;;
03/01/2015;4,50;-;;
04/01/2015;4,50;-;;
05/01/2015;4,50;-;;
06/01/2015;4,50;-;;
07/01/2015;4,50;-;;
08/01/2015;4,50;-;;
09/01/2015;4,50;-;;
10/01/2015;4,50;-;;
11/01/2015;4,50;-;;
12/01/2015;4,50;-;;
13/01/2015;4,50;-;;
14/01/2015;4,50;-;;
15/01/2015;4,50;-;;
16/01/2015;4,50;-;;
17/01/2015;4,50;-;;
18/01/2015;4,50;-;;
19/01/2015;4,50;-;;
20/01/2015;4,50;-;;
21/01/2015;4,50;-;;
22/01/2015;4,50;-;;
23/01/2015;4,50;-;;
24/01/2015;4,50;-;;
25/01/2015;4,50;-;;
26/01/2015;4,50;-;;
27/01/2015;4,50;-;;
28/01/2015;4,50;-;;
29/01/2015;4,50;-;;
30/01/2015;4,50;-;;
31/01/2015;4,50;83,00;;
01/02/2015;4,50;-;;
02/02/2015;4,50;-;;
03/02/2015;4,50;-;;
04/02/2015;4,50;-;;
05/02/2015;4,50;-;;
06/02/2015;4,50;-;;
07/02/2015;4,50;-;;
08/02/2015;4,50;-;;
09/02/2015;4,50;-;;
10/02/2015;4,50;-;;
11/02/2015;4,50;-;;
12/02/2015;4,50;-;;
13/02/2015;4,50;-;;
14/02/2015;4,50;-;;
15/02/2015;4,50;-;;
16/02/2015;4,50;-;;
17/02/2015;4,50;-;;
18/02/2015;4,50;-;;
19/02/2015;4,50;-;;
20/02/2015;4,50;-;;
21/02/2015;4,50;-;;
22/02/2015;4,50;-;;
23/02/2015;4,50;-;;
24/02/2015;4,50;-;;
25/02/2015;4,50;-;;
26/02/2015;4,50;-;;
27/02/2015;4,50;-;;
28/02/2015;4,50;83,96;;
01/03/2015;4,50;-;;
02/03/2015;4,50;-;;
03/03/2015;4,50;-;;
04/03/2015;4,50;-;;
05/03/2015;4,50;-;;
06/03/2015;4,50;-;;
07/03/2015;4,50;-;;
08/03/2015;4,50;-;;
09/03/2015;4,50;-;;
10/03/2015;4,50;-;;
11/03/2015;4,50;-;;
12/03/2015;4,50;-;;
13/03/2015;4,50;-;;
14/03/2015;4,50;-;;
15/03/2015;4,50;-;;
16/03/2015;4,50;-;;
17/03/2015;4,50;-;;
18/03/2015;4,50;-;;
19/03/2015;4,50;-;;
20/03/2015;4,50;-;;
21/03/2015;4,50;-;;
22/03/2015;4,50;-;;
23/03/2015;4,50;-;;
24/03/2015;4,50;-;;
25/03/2015;4,50;-;;
26/03/2015;4,50;-;;
27/03/2015;4,50;-;;
28/03/2015;4,50;-;;
29/03/2015;4,50;-;;
30/03/2015;4,50;-;;
31/03/2015;4,50;84,45;;
01/04/2015;4,50;-;;
02/04/2015;4,50;-;;
03/04/2015;4,50;-;;
04/04/2015;4,50;-;;
05/04/2015;4,50;-;;
06/04/2015;4,50;-;;
07/04/2015;4,50;-;;
08/04/2015;4,50;-;;
09/04/2015;4,50;-;;
10/04/2015;4,50;-;;
11/04/2015;4,50;-;;
12/04/2015;4,50;-;;
13/04/2015;4,50;-;;
14/04/2015;4,50;-;;
15/04/2015;4,50;-;;
16/04/2015;4,50;-;;
17/04/2015;4,50;-;;
18/04/2015;4,50;-;;
19/04/2015;4,50;-;;
20/04/2015;4,50;-;;
21/04/2015;4,50;-;;
22/04/2015;4,50;-;;
23/04/2015;4,50;-;;
24/04/2015;4,50;-;;
25/04/2015;4,50;-;;
26/04/2015;4,50;-;;
27/04/2015;4,50;-;;
28/04/2015;4,50;-;;
29/04/2015;4,50;-;;
30/04/2015;4,50;84,90;;
01/05/2015;4,50;-;;
02/05/2015;4,50;-;;
03/05/2015;4,50;-;;
04/05/2015;4,50;-;;
05/05/2015;4,50;-;;
06/05/2015;4,50;-;;
07/05/2015;4,50;-;;
08/05/2015;4,50;-;;
09/05/2015;4,50;-;;
10/05/2015;4,50;-;;
11/05/2015;4,50;-;;
12/05/2015;4,50;-;;
13/05/2015;4,50;-;;
14/05/2015;4,50;-;;
15/05/2015;4,50;-;;
16/05/2015;4,50;-;;
17/05/2015;4,50;-;;
18/05/2015;4,50;-;;
19/05/2015;4,50;-;;
20/05/2015;4,50;-;;
21/05/2015;4,50;-;;
22/05/2015;4,50;-;;
23/05/2015;4,50;-;;
24/05/2015;4,50;-;;
25/05/2015;4,50;-;;
26/05/2015;4,50;-;;
27/05/2015;4,50;-;;
28/05/2015;4,50;-;;
29/05/2015;4,50;-;;
30/05/2015;4,50;-;;
31/05/2015;4,50;85,12;;
01/06/2015;4,50;-;;
02/06/2015;4,50;-;;
03/06/2015;4,50;-;;
04/06/2015;4,50;-;;
05/06/2015;4,50;-;;
06/06/2015;4,50;-;;
07/06/2015;4,50;-;;
08/06/2015;4,50;-;;
09/06/2015;4,50;-;;
10/06/2015;4,50;-;;
11/06/2015;4,50;-;;
12/06/2015;4,50;-;;
13/06/2015;4,50;-;;
14/06/2015;4,50;-;;
15/06/2015;4,50;-;;
16/06/2015;4,50;-;;
17/06/2015;4,50;-;;
18/06/2015;4,50;-;;
19/06/2015;4,50;-;;
20/06/2015;4,50;-;;
21/06/2015;4,50;-;;
22/06/2015;4,50;-;;
23/06/2015;4,50;-;;
24/06/2015;4,50;-;;
25/06/2015;4,50;-;;
26/06/2015;4,50;-;;
27/06/2015;4,50;-;;
28/06/2015;4,50;-;;
29/06/2015;4,50;-;;
30/06/2015;4,50;85,21;;
01/07/2015;4,50;-;;
02/07/2015;4,50;-;;
03/07/2015;4,50;-;;
04/07/2015;4,50;-;;
05/07/2015;4,50;-;;
06/07/2015;4,50;-;;
07/07/2015;4,50;-;;
08/07/2015;4,50;-;;
09/07/2015;4,50;-;;
10/07/2015;4,50;-;;
11/07/2015;4,50;-;;
12/07/2015;4,50;-;;
13/07/2015;4,50;-;;
14/07/2015;4,50;-;;
15/07/2015;4,50;-;;
16/07/2015;4,50;-;;
17/07/2015;4,50;-;;
18/07/2015;4,50;-;;
19/07/2015;4,50;-;;
20/07/2015;4,50;-;;
21/07/2015;4,50;-;;
22/07/2015;4,50;-;;
23/07/2015;4,50;-;;
24/07/2015;4,50;-;;
25/07/2015;4,50;-;;
26/07/2015;4,50;-;;
27/07/2015;4,50;-;;
28/07/2015;4,50;-;;
29/07/2015;4,50;-;;
30/07/2015;4,50;-;;
31/07/2015;4,50;85,37;;
01/08/2015;4,50;-;;
02/08/2015;4,50;-;;
03/08/2015;4,50;-;;
04/08/2015;4,50;-;;
05/08/2015;4,50;-;;
06/08/2015;4,50;-;;
07/08/2015;4,50;-;;
08/08/2015;4,50;-;;
09/08/2015;4,50;-;;
10/08/2015;4,50;-;;
11/08/2015;4,50;-;;
12/08/2015;4,50;-;;
13/08/2015;4,50;-;;
14/08/2015;4,50;-;;
15/08/2015;4,50;-;;
16/08/2015;4,50;-;;
17/08/2015;4,50;-;;
18/08/2015;4,50;-;;
19/08/2015;4,50;-;;
20/08/2015;4,50;-;;
21/08/2015;4,50;-;;
22/08/2015;4,50;-;;
23/08/2015;4,50;-;;
24/08/2015;4,50;-;;
25/08/2015;4,50;-;;
26/08/2015;4,50;-;;
27/08/2015;4,50;-;;
28/08/2015;4,50;-;;
29/08/2015;4,50;-;;
30/08/2015;4,50;-;;
31/08/2015;4,50;85,78;;
01/09/2015;4,50;-;;
02/09/2015;4,50;-;;
03/09/2015;4,50;-;;
04/09/2015;4,50;-;;
05/09/2015;4,50;-;;
06/09/2015;4,50;-;;
07/09/2015;4,50;-;;
08/09/2015;4,50;-;;
09/09/2015;4,50;-;;
10/09/2015;4,50;-;;
11/09/2015;4,50;-;;
12/09/2015;4,50;-;;
13/09/2015;4,50;-;;
14/09/2015;4,50;-;;
15/09/2015;4,50;-;;
16/09/2015;4,50;-;;
17/09/2015;4,50;-;;
18/09/2015;4,50;-;;
19/09/2015;4,50;-;;
20/09/2015;4,50;-;;
21/09/2015;4,50;-;;
22/09/2015;4,50;-;;
23/09/2015;4,50;-;;
24/09/2015;4,50;-;;
25/09/2015;4,50;-;;
26/09/2015;4,50;-;;
27/09/2015;4,50;-;;
28/09/2015;4,75;-;;
29/09/2015;4,75;-;;
30/09/2015;4,75;86,39;;
01/10/2015;4,75;-;;
02/10/2015;4,75;-;;
03/10/2015;4,75;-;;
04/10/2015;4,75;-;;
05/10/2015;4,75;-;;
06/10/2015;4,75;-;;
07/10/2015;4,75;-;;
08/10/2015;4,75;-;;
09/10/2015;4,75;-;;
10/10/2015;4,75;-;;
11/10/2015;4,75;-;;
12/10/2015;4,75;-;;
13/10/2015;4,75;-;;
14/10/2015;4,75;-;;
15/10/2015;4,75;-;;
16/10/2015;4,75;-;;
17/10/2015;4,75;-;;
18/10/2015;4,75;-;;
19/10/2015;4,75;-;;
20/10/2015;4,75;-;;
21/10/2015;4,75;-;;
22/10/2015;4,75;-;;
23/10/2015;4,75;-;;
24/10/2015;4,75;-;;
25/10/2015;4,75;-;;
26/10/2015;4,75;-;;
27/10/2015;4,75;-;;
28/10/2015;4,75;-;;
29/10/2015;4,75;-;;
30/10/2015;4,75;-;;
31/10/2015;4,75;86,98;;
01/11/2015;4,75;-;;
02/11/2015;4,75;-;;
03/11/2015;5,25;-;;
04/11/2015;5,25;-;;
05/11/2015;5,25;-;;
06/11/2015;5,25;-;;
07/11/2015;5,25;-;;
08/11/2015;5,25;-;;
09/11/2015;5,25;-;;
10/11/2015;5,25;-;;
11/11/2015;5,25;-;;
12/11/2015;5,25;-;;
13/11/2015;5,25;-;;
14/11/2015;5,25;-;;
15/11/2015;5,25;-;;
16/11/2015;5,25;-;;
17/11/2015;5,25;-;;
18/11/2015;5,25;-;;
19/11/2015;5,25;-;;
20/11/2015;5,25;-;;
21/11/2015;5,25;-;;
22/11/2015;5,25;-;;
23/11/2015;5,25;-;;
24/11/2015;5,25;-;;
25/11/2015;5,25;-;;
26/11/2015;5,25;-;;
27/11/2015;5,25;-;;
28/11/2015;5,25;-;;
29/11/2015;5,25;-;;
30/11/2015;5,50;87,51;;
01/12/2015;5,50;-;;
02/12/2015;5,50;-;;
03/12/2015;5,50;-;;
04/12/2015;5,50;-;;
05/12/2015;5,50;-;;
06/12/2015;5,50;-;;
07/12/2015;5,50;-;;
08/12/2015;5,50;-;;
09/12/2015;5,50;-;;
10/12/2015;5,50;-;;
11/12/2015;5,50;-;;
12/12/2015;5,50;-;;
13/12/2015;5,50;-;;
14/12/2015;5,50;-;;
15/12/2015;5,50;-;;
16/12/2015;5,50;-;;
17/12/2015;5,50;-;;
18/12/2015;5,50;-;;
19/12/2015;5,50;-;;
20/12/2015;5,50;-;;
21/12/2015;5,75;-;;
22/12/2015;5,75;-;;
23/12/2015;5,75;-;;
24/12/2015;5,75;-;;
25/12/2015;5,75;-;;
26/12/2015;5,75;-;;
27/12/2015;5,75;-;;
28/12/2015;5,75;-;;
29/12/2015;5,75;-;;
30/12/2015;5,75;-;;
31/12/2015;5,75;88,05;;
01/01/2016;5,75;-;;
02/01/2016;5,75;-;;
03/01/2016;5,75;-;;
04/01/2016;5,75;-;;
05/01/2016;5,75;-;;
06/01/2016;5,75;-;;
07/01/2016;5,75;-;;
08/01/2016;5,75;-;;
09/01/2016;5,75;-;;
10/01/2016;5,75;-;;
11/01/2016;5,75;-;;
12/01/2016;5,75;-;;
13/01/2016;5,75;-;;
14/01/2016;5,75;-;;
15/01/2016;5,75;-;;
16/01/2016;5,75;-;;
17/01/2016;5,75;-;;
18/01/2016;5,75;-;;
19/01/2016;5,75;-;;
20/01/2016;5,75;-;;
21/01/2016;5,75;-;;
22/01/2016;5,75;-;;
23/01/2016;5,75;-;;
24/01/2016;5,75;-;;
25/01/2016;5,75;-;;
26/01/2016;5,75;-;;
27/01/2016;5,75;-;;
28/01/2016;5,75;-;;
29/01/2016;5,75;-;;
30/01/2016;5,75;-;;
31/01/2016;5,75;89,19;;
01/02/2016;6,00;-;;
02/02/2016;6,00;-;;
03/02/2016;6,00;-;;
04/02/2016;6,00;-;;
05/02/2016;6,00;-;;
06/02/2016;6,00;-;;
07/02/2016;6,00;-;;
08/02/2016;6,00;-;;
09/02/2016;6,00;-;;
10/02/2016;6,00;-;;
11/02/2016;6,00;-;;
12/02/2016;6,00;-;;
13/02/2016;6,00;-;;
14/02/2016;6,00;-;;
15/02/2016;6,00;-;;
16/02/2016;6,00;-;;
17/02/2016;6,00;-;;
18/02/2016;6,00;-;;
19/02/2016;6,00;-;;
20/02/2016;6,00;-;;
21/02/2016;6,00;-;;
22/02/2016;6,25;-;;
23/02/2016;6,25;-;;
24/02/2016;6,25;-;;
25/02/2016;6,25;-;;
26/02/2016;6,25;-;;
27/02/2016;6,25;-;;
28/02/2016;6,25;-;;
29/02/2016;6,25;90,33;;
01/03/2016;6,25;-;;
02/03/2016;6,25;-;;
03/03/2016;6,25;-;;
04/03/2016;6,25;-;;
05/03/2016;6,25;-;;
06/03/2016;6,25;-;;
07/03/2016;6,25;-;;
08/03/2016;6,25;-;;
09/03/2016;6,25;-;;
10/03/2016;6,25;-;;
11/03/2016;6,25;-;;
12/03/2016;6,25;-;;
13/03/2016;6,25;-;;
14/03/2016;6,25;-;;
15/03/2016;6,25;-;;
16/03/2016;6,25;-;;
17/03/2016;6,25;-;;
18/03/2016;6,25;-;;
19/03/2016;6,25;-;;
20/03/2016;6,25;-;;
21/03/2016;6,25;-;;
22/03/2016;6,50;-;;
23/03/2016;6,50;-;;
24/03/2016;6,50;-;;
25/03/2016;6,50;-;;
26/03/2016;6,50;-;;
27/03/2016;6,50;-;;
28/03/2016;6,50;-;;
29/03/2016;6,50;-;;
30/03/2016;6,50;-;;
31/03/2016;6,50;91,18;;
01/04/2016;6,50;-;;
02/04/2016;6,50;-;;
03/04/2016;6,50;-;;
04/04/2016;6,50;-;;
05/04/2016;6,50;-;;
06/04/2016;6,50;-;;
07/04/2016;6,50;-;;
08/04/2016;6,50;-;;
09/04/2016;6,50;-;;
10/04/2016;6,50;-;;
11/04/2016;6,50;-;;
12/04/2016;6,50;-;;
13/04/2016;6,50;-;;
14/04/2016;6,50;-;;
15/04/2016;6,50;-;;
16/04/2016;6,50;-;;
17/04/2016;6,50;-;;
18/04/2016;6,50;-;;
19/04/2016;6,50;-;;
20/04/2016;6,50;-;;
21/04/2016;6,50;-;;
22/04/2016;6,50;-;;
23/04/2016;6,50;-;;
24/04/2016;6,50;-;;
25/04/2016;6,50;-;;
26/04/2016;6,50;-;;
27/04/2016;6,50;-;;
28/04/2016;6,50;-;;
29/04/2016;6,50;-;;
30/04/2016;6,50;91,63;;
01/05/2016;6,50;-;;
02/05/2016;7,00;-;;
03/05/2016;7,00;-;;
04/05/2016;7,00;-;;
05/05/2016;7,00;-;;
06/05/2016;7,00;-;;
07/05/2016;7,00;-;;
08/05/2016;7,00;-;;
09/05/2016;7,00;-;;
10/05/2016;7,00;-;;
11/05/2016;7,00;-;;
12/05/2016;7,00;-;;
13/05/2016;7,00;-;;
14/05/2016;7,00;-;;
15/05/2016;7,00;-;;
16/05/2016;7,00;-;;
17/05/2016;7,00;-;;
18/05/2016;7,00;-;;
19/05/2016;7,00;-;;
20/05/2016;7,00;-;;
21/05/2016;7,00;-;;
22/05/2016;7,00;-;;
23/05/2016;7,00;-;;
24/05/2016;7,00;-;;
25/05/2016;7,00;-;;
26/05/2016;7,00;-;;
27/05/2016;7,00;-;;
28/05/2016;7,00;-;;
29/05/2016;7,00;-;;
30/05/2016;7,00;-;;
31/05/2016;7,25;92,10;;
01/06/2016;7,25;-;;
02/06/2016;7,25;-;;
03/06/2016;7,25;-;;
04/06/2016;7,25;-;;
05/06/2016;7,25;-;;
06/06/2016;7,25;-;;
07/06/2016;7,25;-;;
08/06/2016;7,25;-;;
09/06/2016;7,25;-;;
10/06/2016;7,25;-;;
11/06/2016;7,25;-;;
12/06/2016;7,25;-;;
13/06/2016;7,25;-;;
14/06/2016;7,25;-;;
15/06/2016;7,25;-;;
16/06/2016;7,25;-;;
17/06/2016;7,25;-;;
18/06/2016;7,25;-;;
19/06/2016;7,25;-;;
20/06/2016;7,25;-;;
21/06/2016;7,25;-;;
22/06/2016;7,25;-;;
23/06/2016;7,50;-;;
24/06/2016;7,50;-;;
25/06/2016;7,50;-;;
26/06/2016;7,50;-;;
27/06/2016;7,50;-;;
28/06/2016;7,50;-;;
29/06/2016;7,50;-;;
30/06/2016;7,50;92,54;;
01/07/2016;7,50;-;;
02/07/2016;7,50;-;;
03/07/2016;7,50;-;;
04/07/2016;7,50;-;;
05/07/2016;7,50;-;;
06/07/2016;7,50;-;;
07/07/2016;7,50;-;;
08/07/2016;7,50;-;;
09/07/2016;7,50;-;;
10/07/2016;7,50;-;;
11/07/2016;7,50;-;;
12/07/2016;7,50;-;;
13/07/2016;7,50;-;;
14/07/2016;7,50;-;;
15/07/2016;7,50;-;;
16/07/2016;7,50;-;;
17/07/2016;7,50;-;;
18/07/2016;7,50;-;;
19/07/2016;7,50;-;;
20/07/2016;7,50;-;;
21/07/2016;7,50;-;;
22/07/2016;7,50;-;;
23/07/2016;7,50;-;;
24/07/2016;7,50;-;;
25/07/2016;7,50;-;;
26/07/2016;7,50;-;;
27/07/2016;7,50;-;;
28/07/2016;7,50;-;;
29/07/2016;7,50;-;;
30/07/2016;7,50;-;;
31/07/2016;7,50;93,02;;
01/08/2016;7,75;-;;
02/08/2016;7,75;-;;
03/08/2016;7,75;-;;
04/08/2016;7,75;-;;
05/08/2016;7,75;-;;
06/08/2016;7,75;-;;
07/08/2016;7,75;-;;
08/08/2016;7,75;-;;
09/08/2016;7,75;-;;
10/08/2016;7,75;-;;
11/08/2016;7,75;-;;
12/08/2016;7,75;-;;
13/08/2016;7,75;-;;
14/08/2016;7,75;-;;
15/08/2016;7,75;-;;
16/08/2016;7,75;-;;
17/08/2016;7,75;-;;
18/08/2016;7,75;-;;
19/08/2016;7,75;-;;
20/08/2016;7,75;-;;
21/08/2016;7,75;-;;
22/08/2016;7,75;-;;
23/08/2016;7,75;-;;
24/08/2016;7,75;-;;
25/08/2016;7,75;-;;
26/08/2016;7,75;-;;
27/08/2016;7,75;-;;
28/08/2016;7,75;-;;
29/08/2016;7,75;-;;
30/08/2016;7,75;-;;
31/08/2016;7,75;92,73;;
01/09/2016;7,75;-;;
02/09/2016;7,75;-;;
03/09/2016;7,75;-;;
04/09/2016;7,75;-;;
05/09/2016;7,75;-;;
06/09/2016;7,75;-;;
07/09/2016;7,75;-;;
08/09/2016;7,75;-;;
09/09/2016;7,75;-;;
10/09/2016;7,75;-;;
11/09/2016;7,75;-;;
12/09/2016;7,75;-;;
13/09/2016;7,75;-;;
14/09/2016;7,75;-;;
15/09/2016;7,75;-;;
16/09/2016;7,75;-;;
17/09/2016;7,75;-;;
18/09/2016;7,75;-;;
19/09/2016;7,75;-;;
20/09/2016;7,75;-;;
21/09/2016;7,75;-;;
22/09/2016;7,75;-;;
23/09/2016;7,75;-;;
24/09/2016;7,75;-;;
25/09/2016;7,75;-;;
26/09/2016;7,75;-;;
27/09/2016;7,75;-;;
28/09/2016;7,75;-;;
29/09/2016;7,75;-;;
30/09/2016;7,75;92,68;;
01/10/2016;7,75;-;;
02/10/2016;7,75;-;;
03/10/2016;7,75;-;;
04/10/2016;7,75;-;;
05/10/2016;7,75;-;;
06/10/2016;7,75;-;;
07/10/2016;7,75;-;;
08/10/2016;7,75;-;;
09/10/2016;7,75;-;;
10/10/2016;7,75;-;;
11/10/2016;7,75;-;;
12/10/2016;7,75;-;;
13/10/2016;7,75;-;;
14/10/2016;7,75;-;;
15/10/2016;7,75;-;;
16/10/2016;7,75;-;;
17/10/2016;7,75;-;;
18/10/2016;7,75;-;;
19/10/2016;7,75;-;;
20/10/2016;7,75;-;;
21/10/2016;7,75;-;;
22/10/2016;7,75;-;;
23/10/2016;7,75;-;;
24/10/2016;7,75;-;;
25/10/2016;7,75;-;;
26/10/2016;7,75;-;;
27/10/2016;7,75;-;;
28/10/2016;7,75;-;;
29/10/2016;7,75;-;;
30/10/2016;7,75;-;;
31/10/2016;7,75;92,62;;
01/11/2016;7,75;-;;
02/11/2016;7,75;-;;
03/11/2016;7,75;-;;
04/11/2016;7,75;-;;
05/11/2016;7,75;-;;
06/11/2016;7,75;-;;
07/11/2016;7,75;-;;
08/11/2016;7,75;-;;
09/11/2016;7,75;-;;
10/11/2016;7,75;-;;
11/11/2016;7,75;-;;
12/11/2016;7,75;-;;
13/11/2016;7,75;-;;
14/11/2016;7,75;-;;
15/11/2016;7,75;-;;
16/11/2016;7,75;-;;
17/11/2016;7,75;-;;
18/11/2016;7,75;-;;
19/11/2016;7,75;-;;
20/11/2016;7,75;-;;
21/11/2016;7,75;-;;
22/11/2016;7,75;-;;
23/11/2016;7,75;-;;
24/11/2016;7,75;-;;
25/11/2016;7,75;-;;
26/11/2016;7,75;-;;
27/11/2016;7,75;-;;
28/11/2016;7,75;-;;
29/11/2016;7,75;-;;
30/11/2016;7,75;92,73;;
01/12/2016;7,75;-;;
02/12/2016;7,75;-;;
03/12/2016;7,75;-;;
04/12/2016;7,75;-;;
05/12/2016;7,75;-;;
06/12/2016;7,75;-;;
07/12/2016;7,75;-;;
08/12/2016;7,75;-;;
09/12/2016;7,75;-;;
10/12/2016;7,75;-;;
11/12/2016;7,75;-;;
12/12/2016;7,75;-;;
13/12/2016;7,75;-;;
14/12/2016;7,75;-;;
15/12/2016;7,75;-;;
16/12/2016;7,75;-;;
17/12/2016;7,75;-;;
18/12/2016;7,75;-;;
19/12/2016;7,50;-;;
20/12/2016;7,50;-;;
21/12/2016;7,50;-;;
22/12/2016;7,50;-;;
23/12/2016;7,50;-;;
24/12/2016;7,50;-;;
25/12/2016;7,50;-;;
26/12/2016;7,50;-;;
27/12/2016;7,50;-;;
28/12/2016;7,50;-;;
29/12/2016;7,50;-;;
30/12/2016;7,50;-;;
31/12/2016;7,50;93,11;;
01/01/2017;7,50;-;;
02/01/2017;7,50;-;;
03/01/2017;7,50;-;;
04/01/2017;7,50;-;;
05/01/2017;7,50;-;;
06/01/2017;7,50;-;;
07/01/2017;7,50;-;;
08/01/2017;7,50;-;;
09/01/2017;7,50;-;;
10/01/2017;7,50;-;;
11/01/2017;7,50;-;;
12/01/2017;7,50;-;;
13/01/2017;7,50;-;;
14/01/2017;7,50;-;;
15/01/2017;7,50;-;;
16/01/2017;7,50;-;;
17/01/2017;7,50;-;;
18/01/2017;7,50;-;;
19/01/2017;7,50;-;;
20/01/2017;7,50;-;;
21/01/2017;7,50;-;;
22/01/2017;7,50;-;;
23/01/2017;7,50;-;;
24/01/2017;7,50;-;;
25/01/2017;7,50;-;;
26/01/2017;7,50;-;;
27/01/2017;7,50;-;;
28/01/2017;7,50;-;;
29/01/2017;7,50;-;;
30/01/2017;7,50;-;;
31/01/2017;7,50;94,07;;
01/02/2017;7,50;-;;
02/02/2017;7,50;-;;
03/02/2017;7,50;-;;
04/02/2017;7,50;-;;
05/02/2017;7,50;-;;
06/02/2017;7,50;-;;
07/02/2017;7,50;-;;
08/02/2017;7,50;-;;
09/02/2017;7,50;-;;
10/02/2017;7,50;-;;
11/02/2017;7,50;-;;
12/02/2017;7,50;-;;
13/02/2017;7,50;-;;
14/02/2017;7,50;-;;
15/02/2017;7,50;-;;
16/02/2017;7,50;-;;
17/02/2017;7,50;-;;
18/02/2017;7,50;-;;
19/02/2017;7,50;-;;
20/02/2017;7,50;-;;
21/02/2017;7,50;-;;
22/02/2017;7,50;-;;
23/02/2017;7,50;-;;
24/02/2017;7,50;-;;
25/02/2017;7,50;-;;
26/02/2017;7,50;-;;
27/02/2017;7,25;-;;
28/02/2017;7,25;95,01;;
01/03/2017;7,25;-;;
02/03/2017;7,25;-;;
03/03/2017;7,25;-;;
04/03/2017;7,25;-;;
05/03/2017;7,25;-;;
06/03/2017;7,25;-;;
07/03/2017;7,25;-;;
08/03/2017;7,25;-;;
09/03/2017;7,25;-;;
10/03/2017;7,25;-;;
11/03/2017;7,25;-;;
12/03/2017;7,25;-;;
13/03/2017;7,25;-;;
14/03/2017;7,25;-;;
15/03/2017;7,25;-;;
16/03/2017;7,25;-;;
17/03/2017;7,25;-;;
18/03/2017;7,25;-;;
19/03/2017;7,25;-;;
20/03/2017;7,25;-;;
21/03/2017;7,25;-;;
22/03/2017;7,25;-;;
23/03/2017;7,25;-;;
24/03/2017;7,25;-;;
25/03/2017;7,25;-;;
26/03/2017;7,25;-;;
27/03/2017;7,00;-;;
28/03/2017;7,00;-;;
29/03/2017;7,00;-;;
30/03/2017;7,00;-;;
31/03/2017;7,00;95,46;;
01/04/2017;7,00;-;;
02/04/2017;7,00;-;;
03/04/2017;7,00;-;;
04/04/2017;7,00;-;;
05/04/2017;7,00;-;;
06/04/2017;7,00;-;;
07/04/2017;7,00;-;;
08/04/2017;7,00;-;;
09/04/2017;7,00;-;;
10/04/2017;7,00;-;;
11/04/2017;7,00;-;;
12/04/2017;7,00;-;;
13/04/2017;7,00;-;;
14/04/2017;7,00;-;;
15/04/2017;7,00;-;;
16/04/2017;7,00;-;;
17/04/2017;7,00;-;;
18/04/2017;7,00;-;;
19/04/2017;7,00;-;;
20/04/2017;7,00;-;;
21/04/2017;7,00;-;;
22/04/2017;7,00;-;;
23/04/2017;7,00;-;;
24/04/2017;7,00;-;;
25/04/2017;7,00;-;;
26/04/2017;7,00;-;;
27/04/2017;7,00;-;;
28/04/2017;7,00;-;;
29/04/2017;7,00;-;;
30/04/2017;7,00;95,91;;
01/05/2017;7,00;-;;
02/05/2017;6,50;-;;
03/05/2017;6,50;-;;
04/05/2017;6,50;-;;
05/05/2017;6,50;-;;
06/05/2017;6,50;-;;
07/05/2017;6,50;-;;
08/05/2017;6,50;-;;
09/05/2017;6,50;-;;
10/05/2017;6,50;-;;
11/05/2017;6,50;-;;
12/05/2017;6,50;-;;
13/05/2017;6,50;-;;
14/05/2017;6,50;-;;
15/05/2017;6,50;-;;
16/05/2017;6,50;-;;
17/05/2017;6,50;-;;
18/05/2017;6,50;-;;
19/05/2017;6,50;-;;
20/05/2017;6,50;-;;
21/05/2017;6,50;-;;
22/05/2017;6,50;-;;
23/05/2017;6,50;-;;
24/05/2017;6,50;-;;
25/05/2017;6,50;-;;
26/05/2017;6,50;-;;
27/05/2017;6,50;-;;
28/05/2017;6,50;-;;
29/05/2017;6,50;-;;
30/05/2017;6,25;-;;
31/05/2017;6,25;96,12;;
01/06/2017;6,25;-;;
02/06/2017;6,25;-;;
03/06/2017;6,25;-;;
04/06/2017;6,25;-;;
05/06/2017;6,25;-;;
06/06/2017;6,25;-;;
07/06/2017;6,25;-;;
08/06/2017;6,25;-;;
09/06/2017;6,25;-;;
10/06/2017;6,25;-;;
11/06/2017;6,25;-;;
12/06/2017;6,25;-;;
13/06/2017;6,25;-;;
14/06/2017;6,25;-;;
15/06/2017;6,25;-;;
16/06/2017;6,25;-;;
17/06/2017;6,25;-;;
18/06/2017;6,25;-;;
19/06/2017;6,25;-;;
20/06/2017;6,25;-;;
21/06/2017;6,25;-;;
22/06/2017;6,25;-;;
23/06/2017;6,25;-;;
24/06/2017;6,25;-;;
25/06/2017;6,25;-;;
26/06/2017;6,25;-;;
27/06/2017;6,25;-;;
28/06/2017;6,25;-;;
29/06/2017;6,25;-;;
30/06/2017;6,25;96,23;;
01/07/2017;6,25;-;;
02/07/2017;6,25;-;;
03/07/2017;6,25;-;;
04/07/2017;5,75;-;;
05/07/2017;5,75;-;;
06/07/2017;5,75;-;;
07/07/2017;5,75;-;;
08/07/2017;5,75;-;;
09/07/2017;5,75;-;;
10/07/2017;5,75;-;;
11/07/2017;5,75;-;;
12/07/2017;5,75;-;;
13/07/2017;5,75;-;;
14/07/2017;5,75;-;;
15/07/2017;5,75;-;;
16/07/2017;5,75;-;;
17/07/2017;5,75;-;;
18/07/2017;5,75;-;;
19/07/2017;5,75;-;;
20/07/2017;5,75;-;;
21/07/2017;5,75;-;;
22/07/2017;5,75;-;;
23/07/2017;5,75;-;;
24/07/2017;5,75;-;;
25/07/2017;5,75;-;;
26/07/2017;5,75;-;;
27/07/2017;5,75;-;;
28/07/2017;5,50;-;;
29/07/2017;5,50;-;;
30/07/2017;5,50;-;;
31/07/2017;5,50;96,18;;
01/08/2017;5,50;-;;
02/08/2017;5,50;-;;
03/08/2017;5,50;-;;
04/08/2017;5,50;-;;
05/08/2017;5,50;-;;
06/08/2017;5,50;-;;
07/08/2017;5,50;-;;
08/08/2017;5,50;-;;
09/08/2017;5,50;-;;
10/08/2017;5,50;-;;
11/08/2017;5,50;-;;
12/08/2017;5,50;-;;
13/08/2017;5,50;-;;
14/08/2017;5,50;-;;
15/08/2017;5,50;-;;
16/08/2017;5,50;-;;
17/08/2017;5,50;-;;
18/08/2017;5,50;-;;
19/08/2017;5,50;-;;
20/08/2017;5,50;-;;
21/08/2017;5,50;-;;
22/08/2017;5,50;-;;
23/08/2017;5,50;-;;
24/08/2017;5,50;-;;
25/08/2017;5,50;-;;
26/08/2017;5,50;-;;
27/08/2017;5,50;-;;
28/08/2017;5,50;-;;
29/08/2017;5,50;-;;
30/08/2017;5,50;-;;
31/08/2017;5,50;96,32;;
01/09/2017;5,25;-;;
02/09/2017;5,25;-;;
03/09/2017;5,25;-;;
04/09/2017;5,25;-;;
05/09/2017;5,25;-;;
06/09/2017;5,25;-;;
07/09/2017;5,25;-;;
08/09/2017;5,25;-;;
09/09/2017;5,25;-;;
10/09/2017;5,25;-;;
11/09/2017;5,25;-;;
12/09/2017;5,25;-;;
13/09/2017;5,25;-;;
14/09/2017;5,25;-;;
15/09/2017;5,25;-;;
16/09/2017;5,25;-;;
17/09/2017;5,25;-;;
18/09/2017;5,25;-;;
19/09/2017;5,25;-;;
20/09/2017;5,25;-;;
21/09/2017;5,25;-;;
22/09/2017;5,25;-;;
23/09/2017;5,25;-;;
24/09/2017;5,25;-;;
25/09/2017;5,25;-;;
26/09/2017;5,25;-;;
27/09/2017;5,25;-;;
28/09/2017;5,25;-;;
29/09/2017;5,25;-;;
30/09/2017;5,25;96,36;;
01/10/2017;5,25;-;;
02/10/2017;5,25;-;;
03/10/2017;5,25;-;;
04/10/2017;5,25;-;;
05/10/2017;5,25;-;;
06/10/2017;5,25;-;;
07/10/2017;5,25;-;;
08/10/2017;5,25;-;;
09/10/2017;5,25;-;;
10/10/2017;5,25;-;;
11/10/2017;5,25;-;;
12/10/2017;5,25;-;;
13/10/2017;5,25;-;;
14/10/2017;5,25;-;;
15/10/2017;5,25;-;;
16/10/2017;5,25;-;;
17/10/2017;5,25;-;;
18/10/2017;5,25;-;;
19/10/2017;5,25;-;;
20/10/2017;5,25;-;;
21/10/2017;5,25;-;;
22/10/2017;5,25;-;;
23/10/2017;5,25;-;;
24/10/2017;5,25;-;;
25/10/2017;5,25;-;;
26/10/2017;5,25;-;;
27/10/2017;5,25;-;;
28/10/2017;5,25;-;;
29/10/2017;5,25;-;;
30/10/2017;5,00;-;;
31/10/2017;5,00;96,37;;
01/11/2017;5,00;-;;
02/11/2017;5,00;-;;
03/11/2017;5,00;-;;
04/11/2017;5,00;-;;
05/11/2017;5,00;-;;
06/11/2017;5,00;-;;
07/11/2017;5,00;-;;
08/11/2017;5,00;-;;
09/11/2017;5,00;-;;
10/11/2017;5,00;-;;
11/11/2017;5,00;-;;
12/11/2017;5,00;-;;
13/11/2017;5,00;-;;
14/11/2017;5,00;-;;
15/11/2017;5,00;-;;
16/11/2017;5,00;-;;
17/11/2017;5,00;-;;
18/11/2017;5,00;-;;
19/11/2017;5,00;-;;
20/11/2017;5,00;-;;
21/11/2017;5,00;-;;
22/11/2017;5,00;-;;
23/11/2017;5,00;-;;
24/11/2017;5,00;-;;
25/11/2017;5,00;-;;
26/11/2017;5,00;-;;
27/11/2017;4,75;-;;
28/11/2017;4,75;-;;
29/11/2017;4,75;-;;
30/11/2017;4,75;96,55;;
01/12/2017;4,75;-;;
02/12/2017;4,75;-;;
03/12/2017;4,75;-;;
04/12/2017;4,75;-;;
05/12/2017;4,75;-;;
06/12/2017;4,75;-;;
07/12/2017;4,75;-;;
08/12/2017;4,75;-;;
09/12/2017;4,75;-;;
10/12/2017;4,75;-;;
11/12/2017;4,75;-;;
12/12/2017;4,75;-;;
13/12/2017;4,75;-;;
14/12/2017;4,75;-;;
15/12/2017;4,75;-;;
16/12/2017;4,75;-;;
17/12/2017;4,75;-;;
18/12/2017;4,75;-;;
19/12/2017;4,75;-;;
20/12/2017;4,75;-;;
21/12/2017;4,75;-;;
22/12/2017;4,75;-;;
23/12/2017;4,75;-;;
24/12/2017;4,75;-;;
25/12/2017;4,75;-;;
26/12/2017;4,75;-;;
27/12/2017;4,75;-;;
28/12/2017;4,75;-;;
29/12/2017;4,75;-;;
30/12/2017;4,75;-;;
31/12/2017;4,75;96,92;;
01/01/2018;4,75;-;;
02/01/2018;4,75;-;;
03/01/2018;4,75;-;;
04/01/2018;4,75;-;;
05/01/2018;4,75;-;;
06/01/2018;4,75;-;;
07/01/2018;4,75;-;;
08/01/2018;4,75;-;;
09/01/2018;4,75;-;;
10/01/2018;4,75;-;;
11/01/2018;4,75;-;;
12/01/2018;4,75;-;;
13/01/2018;4,75;-;;
14/01/2018;4,75;-;;
15/01/2018;4,75;-;;
16/01/2018;4,75;-;;
17/01/2018;4,75;-;;
18/01/2018;4,75;-;;
19/01/2018;4,75;-;;
20/01/2018;4,75;-;;
21/01/2018;4,75;-;;
22/01/2018;4,75;-;;
23/01/2018;4,75;-;;
24/01/2018;4,75;-;;
25/01/2018;4,75;-;;
26/01/2018;4,75;-;;
27/01/2018;4,75;-;;
28/01/2018;4,75;-;;
29/01/2018;4,75;-;;
30/01/2018;4,50;-;;
31/01/2018;4,50;97,53;;
01/02/2018;4,50;-;;
02/02/2018;4,50;-;;
03/02/2018;4,50;-;;
04/02/2018;4,50;-;;
05/02/2018;4,50;-;;
06/02/2018;4,50;-;;
07/02/2018;4,50;-;;
08/02/2018;4,50;-;;
09/02/2018;4,50;-;;
10/02/2018;4,50;-;;
11/02/2018;4,50;-;;
12/02/2018;4,50;-;;
13/02/2018;4,50;-;;
14/02/2018;4,50;-;;
15/02/2018;4,50;-;;
16/02/2018;4,50;-;;
17/02/2018;4,50;-;;
18/02/2018;4,50;-;;
19/02/2018;4,50;-;;
20/02/2018;4,50;-;;
21/02/2018;4,50;-;;
22/02/2018;4,50;-;;
23/02/2018;4,50;-;;
24/02/2018;4,50;-;;
25/02/2018;4,50;-;;
26/02/2018;4,50;-;;
27/02/2018;4,50;-;;
28/02/2018;4,50;98,22;;
01/03/2018;4,50;-;;
02/03/2018;4,50;-;;
03/03/2018;4,50;-;;
04/03/2018;4,50;-;;
05/03/2018;4,50;-;;
06/03/2018;4,50;-;;
07/03/2018;4,50;-;;
08/03/2018;4,50;-;;
09/03/2018;4,50;-;;
10/03/2018;4,50;-;;
11/03/2018;4,50;-;;
12/03/2018;4,50;-;;
13/03/2018;4,50;-;;
14/03/2018;4,50;-;;
15/03/2018;4,50;-;;
16/03/2018;4,50;-;;
17/03/2018;4,50;-;;
18/03/2018;4,50;-;;
19/03/2018;4,50;-;;
20/03/2018;4,50;-;;
21/03/2018;4,50;-;;
22/03/2018;4,50;-;;
23/03/2018;4,50;-;;
24/03/2018;4,50;-;;
25/03/2018;4,50;-;;
26/03/2018;4,50;-;;
27/03/2018;4,50;-;;
28/03/2018;4,50;-;;
29/03/2018;4,50;-;;
30/03/2018;4,50;-;;
31/03/2018;4,50;98,45;;
01/04/2018;4,50;-;;
02/04/2018;4,50;-;;
03/04/2018;4,50;-;;
04/04/2018;4,50;-;;
05/04/2018;4,50;-;;
06/04/2018;4,50;-;;
07/04/2018;4,50;-;;
08/04/2018;4,50;-;;
09/04/2018;4,50;-;;
10/04/2018;4,50;-;;
11/04/2018;4,50;-;;
12/04/2018;4,50;-;;
13/04/2018;4,50;-;;
14/04/2018;4,50;-;;
15/04/2018;4,50;-;;
16/04/2018;4,50;-;;
17/04/2018;4,50;-;;
18/04/2018;4,50;-;;
19/04/2018;4,50;-;;
20/04/2018;4,50;-;;
21/04/2018;4,50;-;;
22/04/2018;4,50;-;;
23/04/2018;4,50;-;;
24/04/2018;4,50;-;;
25/04/2018;4,50;-;;
26/04/2018;4,50;-;;
27/04/2018;4,50;-;;
28/04/2018;4,50;-;;
29/04/2018;4,50;-;;
30/04/2018;4,25;98,91;;
01/05/2018;4,25;-;;
02/05/2018;4,25;-;;
03/05/2018;4,25;-;;
04/05/2018;4,25;-;;
05/05/2018;4,25;-;;
06/05/2018;4,25;-;;
07/05/2018;4,25;-;;
08/05/2018;4,25;-;;
09/05/2018;4,25;-;;
10/05/2018;4,25;-;;
11/05/2018;4,25;-;;
12/05/2018;4,25;-;;
13/05/2018;4,25;-;;
14/05/2018;4,25;-;;
15/05/2018;4,25;-;;
16/05/2018;4,25;-;;
17/05/2018;4,25;-;;
18/05/2018;4,25;-;;
19/05/2018;4,25;-;;
20/05/2018;4,25;-;;
21/05/2018;4,25;-;;
22/05/2018;4,25;-;;
23/05/2018;4,25;-;;
24/05/2018;4,25;-;;
25/05/2018;4,25;-;;
26/05/2018;4,25;-;;
27/05/2018;4,25;-;;
28/05/2018;4,25;-;;
29/05/2018;4,25;-;;
30/05/2018;4,25;-;;
31/05/2018;4,25;99,16;;
01/06/2018;4,25;-;;
02/06/2018;4,25;-;;
03/06/2018;4,25;-;;
04/06/2018;4,25;-;;
05/06/2018;4,25;-;;
06/06/2018;4,25;-;;
07/06/2018;4,25;-;;
08/06/2018;4,25;-;;
09/06/2018;4,25;-;;
10/06/2018;4,25;-;;
11/06/2018;4,25;-;;
12/06/2018;4,25;-;;
13/06/2018;4,25;-;;
14/06/2018;4,25;-;;
15/06/2018;4,25;-;;
16/06/2018;4,25;-;;
17/06/2018;4,25;-;;
18/06/2018;4,25;-;;
19/06/2018;4,25;-;;
20/06/2018;4,25;-;;
21/06/2018;4,25;-;;
22/06/2018;4,25;-;;
23/06/2018;4,25;-;;
24/06/2018;4,25;-;;
25/06/2018;4,25;-;;
26/06/2018;4,25;-;;
27/06/2018;4,25;-;;
28/06/2018;4,25;-;;
29/06/2018;4,25;-;;
30/06/2018;4,25;99,31;;
01/07/2018;4,25;-;;
02/07/2018;4,25;-;;
03/07/2018;4,25;-;;
04/07/2018;4,25;-;;
05/07/2018;4,25;-;;
06/07/2018;4,25;-;;
07/07/2018;4,25;-;;
08/07/2018;4,25;-;;
09/07/2018;4,25;-;;
10/07/2018;4,25;-;;
11/07/2018;4,25;-;;
12/07/2018;4,25;-;;
13/07/2018;4,25;-;;
14/07/2018;4,25;-;;
15/07/2018;4,25;-;;
16/07/2018;4,25;-;;
17/07/2018;4,25;-;;
18/07/2018;4,25;-;;
19/07/2018;4,25;-;;
20/07/2018;4,25;-;;
21/07/2018;4,25;-;;
22/07/2018;4,25;-;;
23/07/2018;4,25;-;;
24/07/2018;4,25;-;;
25/07/2018;4,25;-;;
26/07/2018;4,25;-;;
27/07/2018;4,25;-;;
28/07/2018;4,25;-;;
29/07/2018;4,25;-;;
30/07/2018;4,25;-;;
31/07/2018;4,25;99,18;;
01/08/2018;4,25;-;;
02/08/2018;4,25;-;;
03/08/2018;4,25;-;;
04/08/2018;4,25;-;;
05/08/2018;4,25;-;;
06/08/2018;4,25;-;;
07/08/2018;4,25;-;;
08/08/2018;4,25;-;;
09/08/2018;4,25;-;;
10/08/2018;4,25;-;;
11/08/2018;4,25;-;;
12/08/2018;4,25;-;;
13/08/2018;4,25;-;;
14/08/2018;4,25;-;;
15/08/2018;4,25;-;;
16/08/2018;4,25;-;;
17/08/2018;4,25;-;;
18/08/2018;4,25;-;;
19/08/2018;4,25;-;;
20/08/2018;4,25;-;;
21/08/2018;4,25;-;;
22/08/2018;4,25;-;;
23/08/2018;4,25;-;;
24/08/2018;4,25;-;;
25/08/2018;4,25;-;;
26/08/2018;4,25;-;;
27/08/2018;4,25;-;;
28/08/2018;4,25;-;;
29/08/2018;4,25;-;;
30/08/2018;4,25;-;;
31/08/2018;4,25;99,30;;
01/09/2018;4,25;-;;
02/09/2018;4,25;-;;
03/09/2018;4,25;-;;
04/09/2018;4,25;-;;
05/09/2018;4,25;-;;
06/09/2018;4,25;-;;
07/09/2018;4,25;-;;
08/09/2018;4,25;-;;
09/09/2018;4,25;-;;
10/09/2018;4,25;-;;
11/09/2018;4,25;-;;
12/09/2018;4,25;-;;
13/09/2018;4,25;-;;
14/09/2018;4,25;-;;
15/09/2018;4,25;-;;
16/09/2018;4,25;-;;
17/09/2018;4,25;-;;
18/09/2018;4,25;-;;
19/09/2018;4,25;-;;
20/09/2018;4,25;-;;
21/09/2018;4,25;-;;
22/09/2018;4,25;-;;
23/09/2018;4,25;-;;
24/09/2018;4,25;-;;
25/09/2018;4,25;-;;
26/09/2018;4,25;-;;
27/09/2018;4,25;-;;
28/09/2018;4,25;-;;
29/09/2018;4,25;-;;
30/09/2018;4,25;99,47;;
01/10/2018;4,25;-;;
02/10/2018;4,25;-;;
03/10/2018;4,25;-;;
04/10/2018;4,25;-;;
05/10/2018;4,25;-;;
06/10/2018;4,25;-;;
07/10/2018;4,25;-;;
08/10/2018;4,25;-;;
09/10/2018;4,25;-;;
10/10/2018;4,25;-;;
11/10/2018;4,25;-;;
12/10/2018;4,25;-;;
13/10/2018;4,25;-;;
14/10/2018;4,25;-;;
15/10/2018;4,25;-;;
16/10/2018;4,25;-;;
17/10/2018;4,25;-;;
18/10/2018;4,25;-;;
19/10/2018;4,25;-;;
20/10/2018;4,25;-;;
21/10/2018;4,25;-;;
22/10/2018;4,25;-;;
23/10/2018;4,25;-;;
24/10/2018;4,25;-;;
25/10/2018;4,25;-;;
26/10/2018;4,25;-;;
27/10/2018;4,25;-;;
28/10/2018;4,25;-;;
29/10/2018;4,25;-;;
30/10/2018;4,25;-;;
31/10/2018;4,25;99,59;;
01/11/2018;4,25;-;;
02/11/2018;4,25;-;;
03/11/2018;4,25;-;;
04/11/2018;4,25;-;;
05/11/2018;4,25;-;;
06/11/2018;4,25;-;;
07/11/2018;4,25;-;;
08/11/2018;4,25;-;;
09/11/2018;4,25;-;;
10/11/2018;4,25;-;;
11/11/2018;4,25;-;;
12/11/2018;4,25;-;;
13/11/2018;4,25;-;;
14/11/2018;4,25;-;;
15/11/2018;4,25;-;;
16/11/2018;4,25;-;;
17/11/2018;4,25;-;;
18/11/2018;4,25;-;;
19/11/2018;4,25;-;;
20/11/2018;4,25;-;;
21/11/2018;4,25;-;;
22/11/2018;4,25;-;;
23/11/2018;4,25;-;;
24/11/2018;4,25;-;;
25/11/2018;4,25;-;;
26/11/2018;4,25;-;;
27/11/2018;4,25;-;;
28/11/2018;4,25;-;;
29/11/2018;4,25;-;;
30/11/2018;4,25;99,70;;
01/12/2018;4,25;-;;
02/12/2018;4,25;-;;
03/12/2018;4,25;-;;
04/12/2018;4,25;-;;
05/12/2018;4,25;-;;
06/12/2018;4,25;-;;
07/12/2018;4,25;-;;
08/12/2018;4,25;-;;
09/12/2018;4,25;-;;
10/12/2018;4,25;-;;
11/12/2018;4,25;-;;
12/12/2018;4,25;-;;
13/12/2018;4,25;-;;
14/12/2018;4,25;-;;
15/12/2018;4,25;-;;
16/12/2018;4,25;-;;
17/12/2018;4,25;-;;
18/12/2018;4,25;-;;
19/12/2018;4,25;-;;
20/12/2018;4,25;-;;
21/12/2018;4,25;-;;
22/12/2018;4,25;-;;
23/12/2018;4,25;-;;
24/12/2018;4,25;-;;
25/12/2018;4,25;-;;
26/12/2018;4,25;-;;
27/12/2018;4,25;-;;
28/12/2018;4,25;-;;
29/12/2018;4,25;-;;
30/12/2018;4,25;-;;
31/12/2018;4,25;100,00;;
01/01/2019;4,25;-;;
02/01/2019;4,25;-;;
03/01/2019;4,25;-;;
04/01/2019;4,25;-;;
05/01/2019;4,25;-;;
06/01/2019;4,25;-;;
07/01/2019;4,25;-;;
08/01/2019;4,25;-;;
09/01/2019;4,25;-;;
10/01/2019;4,25;-;;
11/01/2019;4,25;-;;
12/01/2019;4,25;-;;
13/01/2019;4,25;-;;
14/01/2019;4,25;-;;
15/01/2019;4,25;-;;
16/01/2019;4,25;-;;
17/01/2019;4,25;-;;
18/01/2019;4,25;-;;
19/01/2019;4,25;-;;
20/01/2019;4,25;-;;
21/01/2019;4,25;-;;
22/01/2019;4,25;-;;
23/01/2019;4,25;-;;
24/01/2019;4,25;-;;
25/01/2019;4,25;-;;
26/01/2019;4,25;-;;
27/01/2019;4,25;-;;
28/01/2019;4,25;-;;
29/01/2019;4,25;-;;
30/01/2019;4,25;-;;
31/01/2019;4,25;100,60;;
01/02/2019;4,25;-;;
02/02/2019;4,25;-;;
03/02/2019;4,25;-;;
04/02/2019;4,25;-;;
05/02/2019;4,25;-;;
06/02/2019;4,25;-;;
07/02/2019;4,25;-;;
08/02/2019;4,25;-;;
09/02/2019;4,25;-;;
10/02/2019;4,25;-;;
11/02/2019;4,25;-;;
12/02/2019;4,25;-;;
13/02/2019;4,25;-;;
14/02/2019;4,25;-;;
15/02/2019;4,25;-;;
16/02/2019;4,25;-;;
17/02/2019;4,25;-;;
18/02/2019;4,25;-;;
19/02/2019;4,25;-;;
20/02/2019;4,25;-;;
21/02/2019;4,25;-;;
22/02/2019;4,25;-;;
23/02/2019;4,25;-;;
24/02/2019;4,25;-;;
25/02/2019;4,25;-;;
26/02/2019;4,25;-;;
27/02/2019;4,25;-;;
28/02/2019;4,25;101,18;;
01/03/2019;4,25;-;;
02/03/2019;4,25;-;;
03/03/2019;4,25;-;;
04/03/2019;4,25;-;;
05/03/2019;4,25;-;;
06/03/2019;4,25;-;;
07/03/2019;4,25;-;;
08/03/2019;4,25;-;;
09/03/2019;4,25;-;;
10/03/2019;4,25;-;;
11/03/2019;4,25;-;;
12/03/2019;4,25;-;;
13/03/2019;4,25;-;;
14/03/2019;4,25;-;;
15/03/2019;4,25;-;;
16/03/2019;4,25;-;;
17/03/2019;4,25;-;;
18/03/2019;4,25;-;;
19/03/2019;4,25;-;;
20/03/2019;4,25;-;;
21/03/2019;4,25;-;;
22/03/2019;4,25;-;;
23/03/2019;4,25;-;;
24/03/2019;4,25;-;;
25/03/2019;4,25;-;;
26/03/2019;4,25;-;;
27/03/2019;4,25;-;;
28/03/2019;4,25;-;;
29/03/2019;4,25;-;;
30/03/2019;4,25;-;;
31/03/2019;4,25;101,62;;
01/04/2019;4,25;-;;
02/04/2019;4,25;-;;
03/04/2019;4,25;-;;
04/04/2019;4,25;-;;
05/04/2019;4,25;-;;
06/04/2019;4,25;-;;
07/04/2019;4,25;-;;
08/04/2019;4,25;-;;
09/04/2019;4,25;-;;
10/04/2019;4,25;-;;
11/04/2019;4,25;-;;
12/04/2019;4,25;-;;
13/04/2019;4,25;-;;
14/04/2019;4,25;-;;
15/04/2019;4,25;-;;
16/04/2019;4,25;-;;
17/04/2019;4,25;-;;
18/04/2019;4,25;-;;
19/04/2019;4,25;-;;
20/04/2019;4,25;-;;
21/04/2019;4,25;-;;
22/04/2019;4,25;-;;
23/04/2019;4,25;-;;
24/04/2019;4,25;-;;
25/04/2019;4,25;-;;
26/04/2019;4,25;-;;
27/04/2019;4,25;-;;
28/04/2019;4,25;-;;
29/04/2019;4,25;-;;
30/04/2019;4,25;102,12;;
01/05/2019;4,25;-;;
02/05/2019;4,25;-;;
03/05/2019;4,25;-;;
04/05/2019;4,25;-;;
05/05/2019;4,25;-;;
06/05/2019;4,25;-;;
07/05/2019;4,25;-;;
08/05/2019;4,25;-;;
09/05/2019;4,25;-;;
10/05/2019;4,25;-;;
11/05/2019;4,25;-;;
12/05/2019;4,25;-;;
13/05/2019;4,25;-;;
14/05/2019;4,25;-;;
15/05/2019;4,25;-;;
16/05/2019;4,25;-;;
17/05/2019;4,25;-;;
18/05/2019;4,25;-;;
19/05/2019;4,25;-;;
20/05/2019;4,25;-;;
21/05/2019;4,25;-;;
22/05/2019;4,25;-;;
23/05/2019;4,25;-;;
24/05/2019;4,25;-;;
25/05/2019;4,25;-;;
26/05/2019;4,25;-;;
27/05/2019;4,25;-;;
28/05/2019;4,25;-;;
29/05/2019;4,25;-;;
30/05/2019;4,25;-;;
31/05/2019;4,25;102,44;;
01/06/2019;4,25;-;;
02/06/2019;4,25;-;;
03/06/2019;4,25;-;;
04/06/2019;4,25;-;;
05/06/2019;4,25;-;;
06/06/2019;4,25;-;;
07/06/2019;4,25;-;;
08/06/2019;4,25;-;;
09/06/2019;4,25;-;;
10/06/2019;4,25;-;;
11/06/2019;4,25;-;;
12/06/2019;4,25;-;;
13/06/2019;4,25;-;;
14/06/2019;4,25;-;;
15/06/2019;4,25;-;;
16/06/2019;4,25;-;;
17/06/2019;4,25;-;;
18/06/2019;4,25;-;;
19/06/2019;4,25;-;;
20/06/2019;4,25;-;;
21/06/2019;4,25;-;;
22/06/2019;4,25;-;;
23/06/2019;4,25;-;;
24/06/2019;4,25;-;;
25/06/2019;4,25;-;;
26/06/2019;4,25;-;;
27/06/2019;4,25;-;;
28/06/2019;4,25;-;;
29/06/2019;4,25;-;;
30/06/2019;4,25;102,71;;
01/07/2019;4,25;-;;
02/07/2019;4,25;-;;
03/07/2019;4,25;-;;
04/07/2019;4,25;-;;
05/07/2019;4,25;-;;
06/07/2019;4,25;-;;
07/07/2019;4,25;-;;
08/07/2019;4,25;-;;
09/07/2019;4,25;-;;
10/07/2019;4,25;-;;
11/07/2019;4,25;-;;
12/07/2019;4,25;-;;
13/07/2019;4,25;-;;
14/07/2019;4,25;-;;
15/07/2019;4,25;-;;
16/07/2019;4,25;-;;
17/07/2019;4,25;-;;
18/07/2019;4,25;-;;
19/07/2019;4,25;-;;
20/07/2019;4,25;-;;
21/07/2019;4,25;-;;
22/07/2019;4,25;-;;
23/07/2019;4,25;-;;
24/07/2019;4,25;-;;
25/07/2019;4,25;-;;
26/07/2019;4,25;-;;
27/07/2019;4,25;-;;
28/07/2019;4,25;-;;
29/07/2019;4,25;-;;
30/07/2019;4,25;-;;
31/07/2019;4,25;102,94;;
01/08/2019;4,25;-;;
02/08/2019;4,25;-;;
03/08/2019;4,25;-;;
04/08/2019;4,25;-;;
05/08/2019;4,25;-;;
06/08/2019;4,25;-;;
07/08/2019;4,25;-;;
08/08/2019;4,25;-;;
09/08/2019;4,25;-;;
10/08/2019;4,25;-;;
11/08/2019;4,25;-;;
12/08/2019;4,25;-;;
13/08/2019;4,25;-;;
14/08/2019;4,25;-;;
15/08/2019;4,25;-;;
16/08/2019;4,25;-;;
17/08/2019;4,25;-;;
18/08/2019;4,25;-;;
19/08/2019;4,25;-;;
20/08/2019;4,25;-;;
21/08/2019;4,25;-;;
22/08/2019;4,25;-;;
23/08/2019;4,25;-;;
24/08/2019;4,25;-;;
25/08/2019;4,25;-;;
26/08/2019;4,25;-;;
27/08/2019;4,25;-;;
28/08/2019;4,25;-;;
29/08/2019;4,25;-;;
30/08/2019;4,25;-;;
31/08/2019;4,25;103,03;;
01/09/2019;4,25;-;;
02/09/2019;4,25;-;;
03/09/2019;4,25;-;;
04/09/2019;4,25;-;;
05/09/2019;4,25;-;;
06/09/2019;4,25;-;;
07/09/2019;4,25;-;;
08/09/2019;4,25;-;;
09/09/2019;4,25;-;;
10/09/2019;4,25;-;;
11/09/2019;4,25;-;;
12/09/2019;4,25;-;;
13/09/2019;4,25;-;;
14/09/2019;4,25;-;;
15/09/2019;4,25;-;;
16/09/2019;4,25;-;;
17/09/2019;4,25;-;;
18/09/2019;4,25;-;;
19/09/2019;4,25;-;;
20/09/2019;4,25;-;;
21/09/2019;4,25;-;;
22/09/2019;4,25;-;;
23/09/2019;4,25;-;;
24/09/2019;4,25;-;;
25/09/2019;4,25;-;;
26/09/2019;4,25;-;;
27/09/2019;4,25;-;;
28/09/2019;4,25;-;;
29/09/2019;4,25;-;;
30/09/2019;4,25;103,26;;
01/10/2019;4,25;-;;
02/10/2019;4,25;-;;
03/10/2019;4,25;-;;
04/10/2019;4,25;-;;
05/10/2019;4,25;-;;
06/10/2019;4,25;-;;
07/10/2019;4,25;-;;
08/10/2019;4,25;-;;
09/10/2019;4,25;-;;
10/10/2019;4,25;-;;
11/10/2019;4,25;-;;
12/10/2019;4,25;-;;
13/10/2019;4,25;-;;
14/10/2019;4,25;-;;
15/10/2019;4,25;-;;
16/10/2019;4,25;-;;
17/10/2019;4,25;-;;
18/10/2019;4,25;-;;
19/10/2019;4,25;-;;
20/10/2019;4,25;-;;
21/10/2019;4,25;-;;
22/10/2019;4,25;-;;
23/10/2019;4,25;-;;
24/10/2019;4,25;-;;
25/10/2019;4,25;-;;
26/10/2019;4,25;-;;
27/10/2019;4,25;-;;
28/10/2019;4,25;-;;
29/10/2019;4,25;-;;
30/10/2019;4,25;-;;
31/10/2019;4,25;103,43;;
01/11/2019;4,25;-;;
02/11/2019;4,25;-;;
03/11/2019;4,25;-;;
04/11/2019;4,25;-;;
05/11/2019;4,25;-;;
06/11/2019;4,25;-;;
07/11/2019;4,25;-;;
08/11/2019;4,25;-;;
09/11/2019;4,25;-;;
10/11/2019;4,25;-;;
11/11/2019;4,25;-;;
12/11/2019;4,25;-;;
13/11/2019;4,25;-;;
14/11/2019;4,25;-;;
15/11/2019;4,25;-;;
16/11/2019;4,25;-;;
17/11/2019;4,25;-;;
18/11/2019;4,25;-;;
19/11/2019;4,25;-;;
20/11/2019;4,25;-;;
21/11/2019;4,25;-;;
22/11/2019;4,25;-;;
23/11/2019;4,25;-;;
24/11/2019;4,25;-;;
25/11/2019;4,25;-;;
26/11/2019;4,25;-;;
27/11/2019;4,25;-;;
28/11/2019;4,25;-;;
29/11/2019;4,25;-;;
30/11/2019;4,25;103,54;;
01/12/2019;4,25;-;;
02/12/2019;4,25;-;;
03/12/2019;4,25;-;;
04/12/2019;4,25;-;;
05/12/2019;4,25;-;;
06/12/2019;4,25;-;;
07/12/2019;4,25;-;;
08/12/2019;4,25;-;;
09/12/2019;4,25;-;;
10/12/2019;4,25;-;;
11/12/2019;4,25;-;;
12/12/2019;4,25;-;;
13/12/2019;4,25;-;;
14/12/2019;4,25;-;;
15/12/2019;4,25;-;;
16/12/2019;4,25;-;;
17/12/2019;4,25;-;;
18/12/2019;4,25;-;;
19/12/2019;4,25;-;;
20/12/2019;4,25;-;;
21/12/2019;4,25;-;;
22/12/2019;4,25;-;;
23/12/2019;4,25;-;;
24/12/2019;4,25;-;;
25/12/2019;4,25;-;;
26/12/2019;4,25;-;;
27/12/2019;4,25;-;;
28/12/2019;4,25;-;;
29/12/2019;4,25;-;;
30/12/2019;4,25;-;;
31/12/2019;4,25;103,80;;
01/01/2020;4,25;-;;
02/01/2020;4,25;-;;
03/01/2020;4,25;-;;
04/01/2020;4,25;-;;
05/01/2020;4,25;-;;
06/01/2020;4,25;-;;
07/01/2020;4,25;-;;
08/01/2020;4,25;-;;
09/01/2020;4,25;-;;
10/01/2020;4,25;-;;
11/01/2020;4,25;-;;
12/01/2020;4,25;-;;
13/01/2020;4,25;-;;
14/01/2020;4,25;-;;
15/01/2020;4,25;-;;
16/01/2020;4,25;-;;
17/01/2020;4,25;-;;
18/01/2020;4,25;-;;
19/01/2020;4,25;-;;
20/01/2020;4,25;-;;
21/01/2020;4,25;-;;
22/01/2020;4,25;-;;
23/01/2020;4,25;-;;
24/01/2020;4,25;-;;
25/01/2020;4,25;-;;
26/01/2020;4,25;-;;
27/01/2020;4,25;-;;
28/01/2020;4,25;-;;
29/01/2020;4,25;-;;
30/01/2020;4,25;-;;
31/01/2020;4,25;104,24;;
01/02/2020;4,25;-;;
02/02/2020;4,25;-;;
03/02/2020;4,25;-;;
04/02/2020;4,25;-;;
05/02/2020;4,25;-;;
06/02/2020;4,25;-;;
07/02/2020;4,25;-;;
08/02/2020;4,25;-;;
09/02/2020;4,25;-;;
10/02/2020;4,25;-;;
11/02/2020;4,25;-;;
12/02/2020;4,25;-;;
13/02/2020;4,25;-;;
14/02/2020;4,25;-;;
15/02/2020;4,25;-;;
16/02/2020;4,25;-;;
17/02/2020;4,25;-;;
18/02/2020;4,25;-;;
19/02/2020;4,25;-;;
20/02/2020;4,25;-;;
21/02/2020;4,25;-;;
22/02/2020;4,25;-;;
23/02/2020;4,25;-;;
24/02/2020;4,25;-;;
25/02/2020;4,25;-;;
26/02/2020;4,25;-;;
27/02/2020;4,25;-;;
28/02/2020;4,25;-;;
29/02/2020;4,25;104,94;;
01/03/2020;4,25;-;;
02/03/2020;4,25;-;;
03/03/2020;4,25;-;;
04/03/2020;4,25;-;;
05/03/2020;4,25;-;;
06/03/2020;4,25;-;;
07/03/2020;4,25;-;;
08/03/2020;4,25;-;;
09/03/2020;4,25;-;;
10/03/2020;4,25;-;;
11/03/2020;4,25;-;;
12/03/2020;4,25;-;;
13/03/2020;4,25;-;;
14/03/2020;4,25;-;;
15/03/2020;4,25;-;;
16/03/2020;4,25;-;;
17/03/2020;4,25;-;;
18/03/2020;4,25;-;;
19/03/2020;4,25;-;;
20/03/2020;4,25;-;;
21/03/2020;4,25;-;;
22/03/2020;4,25;-;;
23/03/2020;4,25;-;;
24/03/2020;4,25;-;;
25/03/2020;4,25;-;;
26/03/2020;4,25;-;;
27/03/2020;4,25;-;;
28/03/2020;4,25;-;;
29/03/2020;4,25;-;;
30/03/2020;3,75;-;;
31/03/2020;3,75;105,53;;
01/04/2020;3,75;-;;
02/04/2020;3,75;-;;
03/04/2020;3,75;-;;
04/04/2020;3,75;-;;
05/04/2020;3,75;-;;
06/04/2020;3,75;-;;
07/04/2020;3,75;-;;
08/04/2020;3,75;-;;
09/04/2020;3,75;-;;
10/04/2020;3,75;-;;
11/04/2020;3,75;-;;
12/04/2020;3,75;-;;
13/04/2020;3,75;-;;
14/04/2020;3,75;-;;
15/04/2020;3,75;-;;
16/04/2020;3,75;-;;
17/04/2020;3,75;-;;
18/04/2020;3,75;-;;
19/04/2020;3,75;-;;
20/04/2020;3,75;-;;
21/04/2020;3,75;-;;
22/04/2020;3,75;-;;
23/04/2020;3,75;-;;
24/04/2020;3,75;-;;
25/04/2020;3,75;-;;
26/04/2020;3,75;-;;
27/04/2020;3,75;-;;
28/04/2020;3,75;-;;
29/04/2020;3,75;-;;
30/04/2020;3,75;105,70;;
01/05/2020;3,75;-;;
02/05/2020;3,75;-;;
03/05/2020;3,75;-;;
04/05/2020;3,25;-;;
05/05/2020;3,25;-;;
06/05/2020;3,25;-;;
07/05/2020;3,25;-;;
08/05/2020;3,25;-;;
09/05/2020;3,25;-;;
10/05/2020;3,25;-;;
11/05/2020;3,25;-;;
12/05/2020;3,25;-;;
13/05/2020;3,25;-;;
14/05/2020;3,25;-;;
15/05/2020;3,25;-;;
16/05/2020;3,25;-;;
17/05/2020;3,25;-;;
18/05/2020;3,25;-;;
19/05/2020;3,25;-;;
20/05/2020;3,25;-;;
21/05/2020;3,25;-;;
22/05/2020;3,25;-;;
23/05/2020;3,25;-;;
24/05/2020;3,25;-;;
25/05/2020;3,25;-;;
26/05/2020;3,25;-;;
27/05/2020;3,25;-;;
28/05/2020;3,25;-;;
29/05/2020;3,25;-;;
30/05/2020;3,25;-;;
31/05/2020;3,25;105,36;;
01/06/2020;2,75;-;;
02/06/2020;2,75;-;;
03/06/2020;2,75;-;;
04/06/2020;2,75;-;;
05/06/2020;2,75;-;;
06/06/2020;2,75;-;;
07/06/2020;2,75;-;;
08/06/2020;2,75;-;;
09/06/2020;2,75;-;;
10/06/2020;2,75;-;;
11/06/2020;2,75;-;;
12/06/2020;2,75;-;;
13/06/2020;2,75;-;;
14/06/2020;2,75;-;;
15/06/2020;2,75;-;;
16/06/2020;2,75;-;;
17/06/2020;2,75;-;;
18/06/2020;2,75;-;;
19/06/2020;2,75;-;;
20/06/2020;2,75;-;;
21/06/2020;2,75;-;;
22/06/2020;2,75;-;;
23/06/2020;2,75;-;;
24/06/2020;2,75;-;;
25/06/2020;2,75;-;;
26/06/2020;2,75;-;;
27/06/2020;2,75;-;;
28/06/2020;2,75;-;;
29/06/2020;2,75;-;;
30/06/2020;2,75;104,97;;
01/07/2020;2,50;-;;
02/07/2020;2,50;-;;
03/07/2020;2,50;-;;
04/07/2020;2,50;-;;
05/07/2020;2,50;-;;
06/07/2020;2,50;-;;
07/07/2020;2,50;-;;
08/07/2020;2,50;-;;
09/07/2020;2,50;-;;
10/07/2020;2,50;-;;
11/07/2020;2,50;-;;
12/07/2020;2,50;-;;
13/07/2020;2,50;-;;
14/07/2020;2,50;-;;
15/07/2020;2,50;-;;
16/07/2020;2,50;-;;
17/07/2020;2,50;-;;
18/07/2020;2,50;-;;
19/07/2020;2,50;-;;
20/07/2020;2,50;-;;
21/07/2020;2,50;-;;
22/07/2020;2,50;-;;
23/07/2020;2,50;-;;
24/07/2020;2,50;-;;
25/07/2020;2,50;-;;
26/07/2020;2,50;-;;
27/07/2020;2,50;-;;
28/07/2020;2,50;-;;
29/07/2020;2,50;-;;
30/07/2020;2,50;-;;
31/07/2020;2,50;104,97;;
01/08/2020;2,50;-;;
02/08/2020;2,50;-;;
03/08/2020;2,25;-;;
04/08/2020;2,25;-;;
05/08/2020;2,25;-;;
06/08/2020;2,25;-;;
07/08/2020;2,25;-;;
08/08/2020;2,25;-;;
09/08/2020;2,25;-;;
10/08/2020;2,25;-;;
11/08/2020;2,25;-;;
12/08/2020;2,25;-;;
13/08/2020;2,25;-;;
14/08/2020;2,25;-;;
15/08/2020;2,25;-;;
16/08/2020;2,25;-;;
17/08/2020;2,25;-;;
18/08/2020;2,25;-;;
19/08/2020;2,25;-;;
20/08/2020;2,25;-;;
21/08/2020;2,25;-;;
22/08/2020;2,25;-;;
23/08/2020;2,25;-;;
24/08/2020;2,25;-;;
25/08/2020;2,25;-;;
26/08/2020;2,25;-;;
27/08/2020;2,25;-;;
28/08/2020;2,25;-;;
29/08/2020;2,25;-;;
30/08/2020;2,25;-;;
31/08/2020;2,25;104,96;;
01/09/2020;2,00;-;;
02/09/2020;2,00;-;;
03/09/2020;2,00;-;;
04/09/2020;2,00;-;;
05/09/2020;2,00;-;;
06/09/2020;2,00;-;;
07/09/2020;2,00;-;;
08/09/2020;2,00;-;;
09/09/2020;2,00;-;;
10/09/2020;2,00;-;;
11/09/2020;2,00;-;;
12/09/2020;2,00;-;;
13/09/2020;2,00;-;;
14/09/2020;2,00;-;;
15/09/2020;2,00;-;;
16/09/2020;2,00;-;;
17/09/2020;2,00;-;;
18/09/2020;2,00;-;;
19/09/2020;2,00;-;;
20/09/2020;2,00;-;;
21/09/2020;2,00;-;;
22/09/2020;2,00;-;;
23/09/2020;2,00;-;;
24/09/2020;2,00;-;;
25/09/2020;2,00;-;;
26/09/2020;2,00;-;;
27/09/2020;2,00;-;;
28/09/2020;1,75;-;;
29/09/2020;1,75;-;;
30/09/2020;1,75;105,29;;
01/10/2020;1,75;-;;
02/10/2020;1,75;-;;
03/10/2020;1,75;-;;
04/10/2020;1,75;-;;
05/10/2020;1,75;-;;
06/10/2020;1,75;-;;
07/10/2020;1,75;-;;
08/10/2020;1,75;-;;
09/10/2020;1,75;-;;
10/10/2020;1,75;-;;
11/10/2020;1,75;-;;
12/10/2020;1,75;-;;
13/10/2020;1,75;-;;
14/10/2020;1,75;-;;
15/10/2020;1,75;-;;
16/10/2020;1,75;-;;
17/10/2020;1,75;-;;
18/10/2020;1,75;-;;
19/10/2020;1,75;-;;
20/10/2020;1,75;-;;
21/10/2020;1,75;-;;
22/10/2020;1,75;-;;
23/10/2020;1,75;-;;
24/10/2020;1,75;-;;
25/10/2020;1,75;-;;
26/10/2020;1,75;-;;
27/10/2020;1,75;-;;
28/10/2020;1,75;-;;
29/10/2020;1,75;-;;
30/10/2020;1,75;-;;
31/10/2020;1,75;105,23;;
01/11/2020;1,75;-;;
02/11/2020;1,75;-;;
03/11/2020;1,75;-;;
04/11/2020;1,75;-;;
05/11/2020;1,75;-;;
06/11/2020;1,75;-;;
07/11/2020;1,75;-;;
08/11/2020;1,75;-;;
09/11/2020;1,75;-;;
10/11/2020;1,75;-;;
11/11/2020;1,75;-;;
12/11/2020;1,75;-;;
13/11/2020;1,75;-;;
14/11/2020;1,75;-;;
15/11/2020;1,75;-;;
16/11/2020;1,75;-;;
17/11/2020;1,75;-;;
18/11/2020;1,75;-;;
19/11/2020;1,75;-;;
20/11/2020;1,75;-;;
21/11/2020;1,75;-;;
22/11/2020;1,75;-;;
23/11/2020;1,75;-;;
24/11/2020;1,75;-;;
25/11/2020;1,75;-;;
26/11/2020;1,75;-;;
27/11/2020;1,75;-;;
28/11/2020;1,75;-;;
29/11/2020;1,75;-;;
30/11/2020;1,75;105,08;;
01/12/2020;1,75;-;;
02/12/2020;1,75;-;;
03/12/2020;1,75;-;;
04/12/2020;1,75;-;;
05/12/2020;1,75;-;;
06/12/2020;1,75;-;;
07/12/2020;1,75;-;;
08/12/2020;1,75;-;;
09/12/2020;1,75;-;;
10/12/2020;1,75;-;;
11/12/2020;1,75;-;;
12/12/2020;1,75;-;;
13/12/2020;1,75;-;;
14/12/2020;1,75;-;;
15/12/2020;1,75;-;;
16/12/2020;1,75;-;;
17/12/2020;1,75;-;;
18/12/2020;1,75;-;;
19/12/2020;1,75;-;;
20/12/2020;1,75;-;;
21/12/2020;1,75;-;;
22/12/2020;1,75;-;;
23/12/2020;1,75;-;;
24/12/2020;1,75;-;;
25/12/2020;1,75;-;;
26/12/2020;1,75;-;;
27/12/2020;1,75;-;;
28/12/2020;1,75;-;;
29/12/2020;1,75;-;;
30/12/2020;1,75;-;;
31/12/2020;1,75;105,48;;
01/01/2021;1,75;-;;
02/01/2021;1,75;-;;
03/01/2021;1,75;-;;
04/01/2021;1,75;-;;
05/01/2021;1,75;-;;
06/01/2021;1,75;-;;
07/01/2021;1,75;-;;
08/01/2021;1,75;-;;
09/01/2021;1,75;-;;
10/01/2021;1,75;-;;
11/01/2021;1,75;-;;
12/01/2021;1,75;-;;
13/01/2021;1,75;-;;
14/01/2021;1,75;-;;
15/01/2021;1,75;-;;
16/01/2021;1,75;-;;
17/01/2021;1,75;-;;
18/01/2021;1,75;-;;
19/01/2021;1,75;-;;
20/01/2021;1,75;-;;
21/01/2021;1,75;-;;
22/01/2021;1,75;-;;
23/01/2021;1,75;-;;
24/01/2021;1,75;-;;
25/01/2021;1,75;-;;
26/01/2021;1,75;-;;
27/01/2021;1,75;-;;
28/01/2021;1,75;-;;
29/01/2021;1,75;-;;
30/01/2021;1,75;-;;
31/01/2021;1,75;105,91;;
01/02/2021;1,75;-;;
02/02/2021;1,75;-;;
03/02/2021;1,75;-;;
04/02/2021;1,75;-;;
05/02/2021;1,75;-;;
06/02/2021;1,75;-;;
07/02/2021;1,75;-;;
08/02/2021;1,75;-;;
09/02/2021;1,75;-;;
10/02/2021;1,75;-;;
11/02/2021;1,75;-;;
12/02/2021;1,75;-;;
13/02/2021;1,75;-;;
14/02/2021;1,75;-;;
15/02/2021;1,75;-;;
16/02/2021;1,75;-;;
17/02/2021;1,75;-;;
18/02/2021;1,75;-;;
19/02/2021;1,75;-;;
20/02/2021;1,75;-;;
21/02/2021;1,75;-;;
22/02/2021;1,75;-;;
23/02/2021;1,75;-;;
24/02/2021;1,75;-;;
25/02/2021;1,75;-;;
26/02/2021;1,75;-;;
27/02/2021;1,75;-;;
28/02/2021;1,75;106,58;;
01/03/2021;1,75;-;;
02/03/2021;1,75;-;;
03/03/2021;1,75;-;;
04/03/2021;1,75;-;;
05/03/2021;1,75;-;;
06/03/2021;1,75;-;;
07/03/2021;1,75;-;;
08/03/2021;1,75;-;;
09/03/2021;1,75;-;;
10/03/2021;1,75;-;;
11/03/2021;1,75;-;;
12/03/2021;1,75;-;;
13/03/2021;1,75;-;;
14/03/2021;1,75;-;;
15/03/2021;1,75;-;;
16/03/2021;1,75;-;;
17/03/2021;1,75;-;;
18/03/2021;1,75;-;;
19/03/2021;1,75;-;;
20/03/2021;1,75;-;;
21/03/2021;1,75;-;;
22/03/2021;1,75;-;;
23/03/2021;1,75;-;;
24/03/2021;1,75;-;;
25/03/2021;1,75;-;;
26/03/2021;1,75;-;;
27/03/2021;1,75;-;;
28/03/2021;1,75;-;;
29/03/2021;1,75;-;;
30/03/2021;1,75;-;;
31/03/2021;1,75;107,12;;
01/04/2021;1,75;-;;
02/04/2021;1,75;-;;
03/04/2021;1,75;-;;
04/04/2021;1,75;-;;
05/04/2021;1,75;-;;
06/04/2021;1,75;-;;
07/04/2021;1,75;-;;
08/04/2021;1,75;-;;
09/04/2021;1,75;-;;
10/04/2021;1,75;-;;
11/04/2021;1,75;-;;
12/04/2021;1,75;-;;
13/04/2021;1,75;-;;
14/04/2021;1,75;-;;
15/04/2021;1,75;-;;
16/04/2021;1,75;-;;
17/04/2021;1,75;-;;
18/04/2021;1,75;-;;
19/04/2021;1,75;-;;
20/04/2021;1,75;-;;
21/04/2021;1,75;-;;
22/04/2021;1,75;-;;
23/04/2021;1,75;-;;
24/04/2021;1,75;-;;
25/04/2021;1,75;-;;
26/04/2021;1,75;-;;
27/04/2021;1,75;-;;
28/04/2021;1,75;-;;
29/04/2021;1,75;-;;
30/04/2021;1,75;107,76;;
01/05/2021;1,75;-;;
02/05/2021;1,75;-;;
03/05/2021;1,75;-;;
04/05/2021;1,75;-;;
05/05/2021;1,75;-;;
06/05/2021;1,75;-;;
07/05/2021;1,75;-;;
08/05/2021;1,75;-;;
09/05/2021;1,75;-;;
10/05/2021;1,75;-;;
11/05/2021;1,75;-;;
12/05/2021;1,75;-;;
13/05/2021;1,75;-;;
14/05/2021;1,75;-;;
15/05/2021;1,75;-;;
16/05/2021;1,75;-;;
17/05/2021;1,75;-;;
18/05/2021;1,75;-;;
19/05/2021;1,75;-;;
20/05/2021;1,75;-;;
21/05/2021;1,75;-;;
22/05/2021;1,75;-;;
23/05/2021;1,75;-;;
24/05/2021;1,75;-;;
25/05/2021;1,75;-;;
26/05/2021;1,75;-;;
27/05/2021;1,75;-;;
28/05/2021;1,75;-;;
29/05/2021;1,75;-;;
30/05/2021;1,75;-;;
31/05/2021;1,75;108,84;;
01/06/2021;1,75;-;;
02/06/2021;1,75;-;;
03/06/2021;1,75;-;;
04/06/2021;1,75;-;;
05/06/2021;1,75;-;;
06/06/2021;1,75;-;;
07/06/2021;1,75;-;;
08/06/2021;1,75;-;;
09/06/2021;1,75;-;;
10/06/2021;1,75;-;;
11/06/2021;1,75;-;;
12/06/2021;1,75;-;;
13/06/2021;1,75;-;;
14/06/2021;1,75;-;;
15/06/2021;1,75;-;;
16/06/2021;1,75;-;;
17/06/2021;1,75;-;;
18/06/2021;1,75;-;;
19/06/2021;1,75;-;;
20/06/2021;1,75;-;;
21/06/2021;1,75;-;;
22/06/2021;1,75;-;;
23/06/2021;1,75;-;;
24/06/2021;1,75;-;;
25/06/2021;1,75;-;;
26/06/2021;1,75;-;;
27/06/2021;1,75;-;;
28/06/2021;1,75;-;;
29/06/2021;1,75;-;;
30/06/2021;1,75;108,78;;
01/07/2021;1,75;-;;
02/07/2021;1,75;-;;
03/07/2021;1,75;-;;
04/07/2021;1,75;-;;
05/07/2021;1,75;-;;
06/07/2021;1,75;-;;
07/07/2021;1,75;-;;
08/07/2021;1,75;-;;
09/07/2021;1,75;-;;
10/07/2021;1,75;-;;
11/07/2021;1,75;-;;
12/07/2021;1,75;-;;
13/07/2021;1,75;-;;
14/07/2021;1,75;-;;
15/07/2021;1,75;-;;
16/07/2021;1,75;-;;
17/07/2021;1,75;-;;
18/07/2021;1,75;-;;
19/07/2021;1,75;-;;
20/07/2021;1,75;-;;
21/07/2021;1,75;-;;
22/07/2021;1,75;-;;
23/07/2021;1,75;-;;
24/07/2021;1,75;-;;
25/07/2021;1,75;-;;
26/07/2021;1,75;-;;
27/07/2021;1,75;-;;
28/07/2021;1,75;-;;
29/07/2021;1,75;-;;
30/07/2021;1,75;-;;
31/07/2021;1,75;109,14;;
01/08/2021;1,75;-;;
02/08/2021;1,75;-;;
03/08/2021;1,75;-;;
04/08/2021;1,75;-;;
05/08/2021;1,75;-;;
06/08/2021;1,75;-;;
07/08/2021;1,75;-;;
08/08/2021;1,75;-;;
09/08/2021;1,75;-;;
10/08/2021;1,75;-;;
11/08/2021;1,75;-;;
12/08/2021;1,75;-;;
13/08/2021;1,75;-;;
14/08/2021;1,75;-;;
15/08/2021;1,75;-;;
16/08/2021;1,75;-;;
17/08/2021;1,75;-;;
18/08/2021;1,75;-;;
19/08/2021;1,75;-;;
20/08/2021;1,75;-;;
21/08/2021;1,75;-;;
22/08/2021;1,75;-;;
23/08/2021;1,75;-;;
24/08/2021;1,75;-;;
25/08/2021;1,75;-;;
26/08/2021;1,75;-;;
27/08/2021;1,75;-;;
28/08/2021;1,75;-;;
29/08/2021;1,75;-;;
30/08/2021;1,75;-;;
31/08/2021;1,75;109,62;;
01/09/2021;1,75;-;;
02/09/2021;1,75;-;;
03/09/2021;1,75;-;;
04/09/2021;1,75;-;;
05/09/2021;1,75;-;;
06/09/2021;1,75;-;;
07/09/2021;1,75;-;;
08/09/2021;1,75;-;;
09/09/2021;1,75;-;;
10/09/2021;1,75;-;;
11/09/2021;1,75;-;;
12/09/2021;1,75;-;;
13/09/2021;1,75;-;;
14/09/2021;1,75;-;;
15/09/2021;1,75;-;;
16/09/2021;1,75;-;;
17/09/2021;1,75;-;;
18/09/2021;1,75;-;;
19/09/2021;1,75;-;;
20/09/2021;1,75;-;;
21/09/2021;1,75;-;;
22/09/2021;1,75;-;;
23/09/2021;1,75;-;;
24/09/2021;1,75;-;;
25/09/2021;1,75;-;;
26/09/2021;1,75;-;;
27/09/2021;1,75;-;;
28/09/2021;1,75;-;;
29/09/2021;1,75;-;;
30/09/2021;1,75;110,04;;
01/10/2021;2,00;-;;
02/10/2021;2,00;-;;
03/10/2021;2,00;-;;
04/10/2021;2,00;-;;
05/10/2021;2,00;-;;
06/10/2021;2,00;-;;
07/10/2021;2,00;-;;
08/10/2021;2,00;-;;
09/10/2021;2,00;-;;
10/10/2021;2,00;-;;
11/10/2021;2,00;-;;
12/10/2021;2,00;-;;
13/10/2021;2,00;-;;
14/10/2021;2,00;-;;
15/10/2021;2,00;-;;
16/10/2021;2,00;-;;
17/10/2021;2,00;-;;
18/10/2021;2,00;-;;
19/10/2021;2,00;-;;
20/10/2021;2,00;-;;
21/10/2021;2,00;-;;
22/10/2021;2,00;-;;
23/10/2021;2,00;-;;
24/10/2021;2,00;-;;
25/10/2021;2,00;-;;
26/10/2021;2,00;-;;
27/10/2021;2,00;-;;
28/10/2021;2,00;-;;
29/10/2021;2,00;-;;
30/10/2021;2,00;-;;
31/10/2021;2,00;110,06;;
01/11/2021;2,00;-;;
02/11/2021;2,50;-;;
03/11/2021;2,50;-;;
04/11/2021;2,50;-;;
05/11/2021;2,50;-;;
06/11/2021;2,50;-;;
07/11/2021;2,50;-;;
08/11/2021;2,50;-;;
09/11/2021;2,50;-;;
10/11/2021;2,50;-;;
11/11/2021;2,50;-;;
12/11/2021;2,50;-;;
13/11/2021;2,50;-;;
14/11/2021;2,50;-;;
15/11/2021;2,50;-;;
16/11/2021;2,50;-;;
17/11/2021;2,50;-;;
18/11/2021;2,50;-;;
19/11/2021;2,50;-;;
20/11/2021;2,50;-;;
21/11/2021;2,50;-;;
22/11/2021;2,50;-;;
23/11/2021;2,50;-;;
24/11/2021;2,50;-;;
25/11/2021;2,50;-;;
26/11/2021;2,50;-;;
27/11/2021;2,50;-;;
28/11/2021;2,50;-;;
29/11/2021;2,50;-;;
30/11/2021;2,50;110,60;;
01/12/2021;2,50;-;;
02/12/2021;2,50;-;;
03/12/2021;2,50;-;;
04/12/2021;2,50;-;;
05/12/2021;2,50;-;;
06/12/2021;2,50;-;;
07/12/2021;2,50;-;;
08/12/2021;2,50;-;;
09/12/2021;2,50;-;;
10/12/2021;2,50;-;;
11/12/2021;2,50;-;;
12/12/2021;2,50;-;;
13/12/2021;2,50;-;;
14/12/2021;2,50;-;;
15/12/2021;2,50;-;;
16/12/2021;2,50;-;;
17/12/2021;2,50;-;;
18/12/2021;2,50;-;;
19/12/2021;2,50;-;;
20/12/2021;3,00;-;;
21/12/2021;3,00;-;;
22/12/2021;3,00;-;;
23/12/2021;3,00;-;;
24/12/2021;3,00;-;;
25/12/2021;3,00;-;;
26/12/2021;3,00;-;;
27/12/2021;3,00;-;;
28/12/2021;3,00;-;;
29/12/2021;3,00;-;;
30/12/2021;3,00;-;;
31/12/2021;3,00;111,41;;
01/01/2022;3,00;-;;
02/01/2022;3,00;-;;
03/01/2022;3,00;-;;
04/01/2022;3,00;-;;
05/01/2022;3,00;-;;
06/01/2022;3,00;-;;
07/01/2022;3,00;-;;
08/01/2022;3,00;-;;
09/01/2022;3,00;-;;
10/01/2022;3,00;-;;
11/01/2022;3,00;-;;
12/01/2022;3,00;-;;
13/01/2022;3,00;-;;
14/01/2022;3,00;-;;
15/01/2022;3,00;-;;
16/01/2022;3,00;-;;
17/01/2022;3,00;-;;
18/01/2022;3,00;-;;
19/01/2022;3,00;-;;
20/01/2022;3,00;-;;
21/01/2022;3,00;-;;
22/01/2022;3,00;-;;
23/01/2022;3,00;-;;
24/01/2022;3,00;-;;
25/01/2022;3,00;-;;
26/01/2022;3,00;-;;
27/01/2022;3,00;-;;
28/01/2022;3,00;-;;
29/01/2022;3,00;-;;
30/01/2022;3,00;-;;
31/01/2022;4,00;113,26;;
01/02/2022;4,00;-;;
02/02/2022;4,00;-;;
03/02/2022;4,00;-;;
04/02/2022;4,00;-;;
05/02/2022;4,00;-;;
06/02/2022;4,00;-;;
07/02/2022;4,00;-;;
08/02/2022;4,00;-;;
09/02/2022;4,00;-;;
10/02/2022;4,00;-;;
11/02/2022;4,00;-;;
12/02/2022;4,00;-;;
13/02/2022;4,00;-;;
14/02/2022;4,00;-;;
15/02/2022;4,00;-;;
16/02/2022;4,00;-;;
17/02/2022;4,00;-;;
18/02/2022;4,00;-;;
19/02/2022;4,00;-;;
20/02/2022;4,00;-;;
21/02/2022;4,00;-;;
22/02/2022;4,00;-;;
23/02/2022;4,00;-;;
24/02/2022;4,00;-;;
25/02/2022;4,00;-;;
26/02/2022;4,00;-;;
27/02/2022;4,00;-;;
28/02/2022;4,00;115,11;;
01/03/2022;4,00;-;;
02/03/2022;4,00;-;;
03/03/2022;4,00;-;;
04/03/2022;4,00;-;;
05/03/2022;4,00;-;;
06/03/2022;4,00;-;;
07/03/2022;4,00;-;;
08/03/2022;4,00;-;;
09/03/2022;4,00;-;;
10/03/2022;4,00;-;;
11/03/2022;4,00;-;;
12/03/2022;4,00;-;;
13/03/2022;4,00;-;;
14/03/2022;4,00;-;;
15/03/2022;4,00;-;;
16/03/2022;4,00;-;;
17/03/2022;4,00;-;;
18/03/2022;4,00;-;;
19/03/2022;4,00;-;;
20/03/2022;4,00;-;;
21/03/2022;4,00;-;;
22/03/2022;4,00;-;;
23/03/2022;4,00;-;;
24/03/2022;4,00;-;;
25/03/2022;4,00;-;;
26/03/2022;4,00;-;;
27/03/2022;4,00;-;;
28/03/2022;4,00;-;;
29/03/2022;4,00;-;;
30/03/2022;4,00;-;;
31/03/2022;4,00;116,26;;
01/04/2022;5,00;-;;
02/04/2022;5,00;-;;
03/04/2022;5,00;-;;
04/04/2022;5,00;-;;
05/04/2022;5,00;-;;
06/04/2022;5,00;-;;
07/04/2022;5,00;-;;
08/04/2022;5,00;-;;
09/04/2022;5,00;-;;
10/04/2022;5,00;-;;
11/04/2022;5,00;-;;
12/04/2022;5,00;-;;
13/04/2022;5,00;-;;
14/04/2022;5,00;-;;
15/04/2022;5,00;-;;
16/04/2022;5,00;-;;
17/04/2022;5,00;-;;
18/04/2022;5,00;-;;
19/04/2022;5,00;-;;
20/04/2022;5,00;-;;
21/04/2022;5,00;-;;
22/04/2022;5,00;-;;
23/04/2022;5,00;-;;
24/04/2022;5,00;-;;
25/04/2022;5,00;-;;
26/04/2022;5,00;-;;
27/04/2022;5,00;-;;
28/04/2022;5,00;-;;
29/04/2022;5,00;-;;
30/04/2022;5,00;117,71;;
01/05/2022;5,00;-;;
02/05/2022;6,00;-;;
03/05/2022;6,00;-;;
04/05/2022;6,00;-;;
05/05/2022;6,00;-;;
06/05/2022;6,00;-;;
07/05/2022;6,00;-;;
08/05/2022;6,00;-;;
09/05/2022;6,00;-;;
10/05/2022;6,00;-;;
11/05/2022;6,00;-;;
12/05/2022;6,00;-;;
13/05/2022;6,00;-;;
14/05/2022;6,00;-;;
15/05/2022;6,00;-;;
16/05/2022;6,00;-;;
17/05/2022;6,00;-;;
18/05/2022;6,00;-;;
19/05/2022;6,00;-;;
20/05/2022;6,00;-;;
21/05/2022;6,00;-;;
22/05/2022;6,00;-;;
23/05/2022;6,00;-;;
24/05/2022;6,00;-;;
25/05/2022;6,00;-;;
26/05/2022;6,00;-;;
27/05/2022;6,00;-;;
28/05/2022;6,00;-;;
29/05/2022;6,00;-;;
30/05/2022;6,00;-;;
31/05/2022;6,00;118,70;;
01/06/2022;6,00;-;;
02/06/2022;6,00;-;;
03/06/2022;6,00;-;;
04/06/2022;6,00;-;;
05/06/2022;6,00;-;;
06/06/2022;6,00;-;;
07/06/2022;6,00;-;;
08/06/2022;6,00;-;;
09/06/2022;6,00;-;;
10/06/2022;6,00;-;;
11/06/2022;6,00;-;;
12/06/2022;6,00;-;;
13/06/2022;6,00;-;;
14/06/2022;6,00;-;;
15/06/2022;6,00;-;;
16/06/2022;6,00;-;;
17/06/2022;6,00;-;;
18/06/2022;6,00;-;;
19/06/2022;6,00;-;;
20/06/2022;6,00;-;;
21/06/2022;6,00;-;;
22/06/2022;6,00;-;;
23/06/2022;6,00;-;;
24/06/2022;6,00;-;;
25/06/2022;6,00;-;;
26/06/2022;6,00;-;;
27/06/2022;6,00;-;;
28/06/2022;6,00;-;;
29/06/2022;6,00;-;;
30/06/2022;6,00;119,31;;
01/07/2022;7,50;-;;
02/07/2022;7,50;-;;
03/07/2022;7,50;-;;
04/07/2022;7,50;-;;
05/07/2022;7,50;-;;
06/07/2022;7,50;-;;
07/07/2022;7,50;-;;
08/07/2022;7,50;-;;
09/07/2022;7,50;-;;
10/07/2022;7,50;-;;
11/07/2022;7,50;-;;
12/07/2022;7,50;-;;
13/07/2022;7,50;-;;
14/07/2022;7,50;-;;
15/07/2022;7,50;-;;
16/07/2022;7,50;-;;
17/07/2022;7,50;-;;
18/07/2022;7,50;-;;
19/07/2022;7,50;-;;
20/07/2022;7,50;-;;
21/07/2022;7,50;-;;
22/07/2022;7,50;-;;
23/07/2022;7,50;-;;
24/07/2022;7,50;-;;
25/07/2022;7,50;-;;
26/07/2022;7,50;-;;
27/07/2022;7,50;-;;
28/07/2022;7,50;-;;
29/07/2022;7,50;-;;
30/07/2022;7,50;-;;
31/07/2022;7,50;120,27;;
01/08/2022;9,00;-;;
02/08/2022;9,00;-;;
03/08/2022;9,00;-;;
04/08/2022;9,00;-;;
05/08/2022;9,00;-;;
06/08/2022;9,00;-;;
07/08/2022;9,00;-;;
08/08/2022;9,00;-;;
09/08/2022;9,00;-;;
10/08/2022;9,00;-;;
11/08/2022;9,00;-;;
12/08/2022;9,00;-;;
13/08/2022;9,00;-;;
14/08/2022;9,00;-;;
15/08/2022;9,00;-;;
16/08/2022;9,00;-;;
17/08/2022;9,00;-;;
18/08/2022;9,00;-;;
19/08/2022;9,00;-;;
20/08/2022;9,00;-;;
21/08/2022;9,00;-;;
22/08/2022;9,00;-;;
23/08/2022;9,00;-;;
24/08/2022;9,00;-;;
25/08/2022;9,00;-;;
26/08/2022;9,00;-;;
27/08/2022;9,00;-;;
28/08/2022;9,00;-;;
29/08/2022;9,00;-;;
30/08/2022;9,00;-;;
31/08/2022;9,00;121,50;;
01/09/2022;9,00;-;;
02/09/2022;9,00;-;;
03/09/2022;9,00;-;;
04/09/2022;9,00;-;;
05/09/2022;9,00;-;;
06/09/2022;9,00;-;;
07/09/2022;9,00;-;;
08/09/2022;9,00;-;;
09/09/2022;9,00;-;;
10/09/2022;9,00;-;;
11/09/2022;9,00;-;;
12/09/2022;9,00;-;;
13/09/2022;9,00;-;;
14/09/2022;9,00;-;;
15/09/2022;9,00;-;;
16/09/2022;9,00;-;;
17/09/2022;9,00;-;;
18/09/2022;9,00;-;;
19/09/2022;9,00;-;;
20/09/2022;9,00;-;;
21/09/2022;9,00;-;;
22/09/2022;9,00;-;;
23/09/2022;9,00;-;;
24/09/2022;9,00;-;;
25/09/2022;9,00;-;;
26/09/2022;9,00;-;;
27/09/2022;9,00;-;;
28/09/2022;9,00;-;;
29/09/2022;9,00;-;;
30/09/2022;10,00;122,63;;
01/10/2022;10,00;-;;
02/10/2022;10,00;-;;
03/10/2022;10,00;-;;
04/10/2022;10,00;-;;
05/10/2022;10,00;-;;
06/10/2022;10,00;-;;
07/10/2022;10,00;-;;
08/10/2022;10,00;-;;
09/10/2022;10,00;-;;
10/10/2022;10,00;-;;
11/10/2022;10,00;-;;
12/10/2022;10,00;-;;
13/10/2022;10,00;-;;
14/10/2022;10,00;-;;
15/10/2022;10,00;-;;
16/10/2022;10,00;-;;
17/10/2022;10,00;-;;
18/10/2022;10,00;-;;
19/10/2022;10,00;-;;
20/10/2022;10,00;-;;
21/10/2022;10,00;-;;
22/10/2022;10,00;-;;
23/10/2022;10,00;-;;
24/10/2022;10,00;-;;
25/10/2022;10,00;-;;
26/10/2022;10,00;-;;
27/10/2022;10,00;-;;
28/10/2022;10,00;-;;
29/10/2022;10,00;-;;
30/10/2022;10,00;-;;
31/10/2022;11,00;123,51;;
01/11/2022;11,00;-;;
02/11/2022;11,00;-;;
03/11/2022;11,00;-;;
04/11/2022;11,00;-;;
05/11/2022;11,00;-;;
06/11/2022;11,00;-;;
07/11/2022;11,00;-;;
08/11/2022;11,00;-;;
09/11/2022;11,00;-;;
10/11/2022;11,00;-;;
11/11/2022;11,00;-;;
12/11/2022;11,00;-;;
13/11/2022;11,00;-;;
14/11/2022;11,00;-;;
15/11/2022;11,00;-;;
16/11/2022;11,00;-;;
17/11/2022;11,00;-;;
18/11/2022;11,00;-;;
19/11/2022;11,00;-;;
20/11/2022;11,00;-;;
21/11/2022;11,00;-;;
22/11/2022;11,00;-;;
23/11/2022;11,00;-;;
24/11/2022;11,00;-;;
25/11/2022;11,00;-;;
26/11/2022;11,00;-;;
27/11/2022;11,00;-;;
28/11/2022;11,00;-;;
29/11/2022;11,00;-;;
30/11/2022;11,00;124,46;;
01/12/2022;11,00;-;;
02/12/2022;11,00;-;;
03/12/2022;11,00;-;;
04/12/2022;11,00;-;;
05/12/2022;11,00;-;;
06/12/2022;11,00;-;;
07/12/2022;11,00;-;;
08/12/2022;11,00;-;;
09/12/2022;11,00;-;;
10/12/2022;11,00;-;;
11/12/2022;11,00;-;;
12/12/2022;11,00;-;;
13/12/2022;11,00;-;;
14/12/2022;11,00;-;;
15/12/2022;11,00;-;;
16/12/2022;11,00;-;;
17/12/2022;11,00;-;;
18/12/2022;11,00;-;;
19/12/2022;12,00;-;;
20/12/2022;12,00;-;;
21/12/2022;12,00;-;;
22/12/2022;12,00;-;;
23/12/2022;12,00;-;;
24/12/2022;12,00;-;;
25/12/2022;12,00;-;;
26/12/2022;12,00;-;;
27/12/2022;12,00;-;;
28/12/2022;12,00;-;;
29/12/2022;12,00;-;;
30/12/2022;12,00;-;;
31/12/2022;12,00;126,03;;
01/01/2023;12,00;-;;
02/01/2023;12,00;-;;
03/01/2023;12,00;-;;
04/01/2023;12,00;-;;
05/01/2023;12,00;-;;
06/01/2023;12,00;-;;
07/01/2023;12,00;-;;
08/01/2023;12,00;-;;
09/01/2023;12,00;-;;
10/01/2023;12,00;-;;
11/01/2023;12,00;-;;
12/01/2023;12,00;-;;
13/01/2023;12,00;-;;
14/01/2023;12,00;-;;
15/01/2023;12,00;-;;
16/01/2023;12,00;-;;
17/01/2023;12,00;-;;
18/01/2023;12,00;-;;
19/01/2023;12,00;-;;
20/01/2023;12,00;-;;
21/01/2023;12,00;-;;
22/01/2023;12,00;-;;
23/01/2023;12,00;-;;
24/01/2023;12,00;-;;
25/01/2023;12,00;-;;
26/01/2023;12,00;-;;
27/01/2023;12,00;-;;
28/01/2023;12,00;-;;
29/01/2023;12,00;-;;
30/01/2023;12,75;-;;
31/01/2023;12,75;128,27;;
01/02/2023;12,75;-;;
02/02/2023;12,75;-;;
03/02/2023;12,75;-;;
04/02/2023;12,75;-;;
05/02/2023;12,75;-;;
06/02/2023;12,75;-;;
07/02/2023;12,75;-;;
08/02/2023;12,75;-;;
09/02/2023;12,75;-;;
10/02/2023;12,75;-;;
11/02/2023;12,75;-;;
12/02/2023;12,75;-;;
13/02/2023;12,75;-;;
14/02/2023;12,75;-;;
15/02/2023;12,75;-;;
16/02/2023;12,75;-;;
17/02/2023;12,75;-;;
18/02/2023;12,75;-;;
19/02/2023;12,75;-;;
20/02/2023;12,75;-;;
21/02/2023;12,75;-;;
22/02/2023;12,75;-;;
23/02/2023;12,75;-;;
24/02/2023;12,75;-;;
25/02/2023;12,75;-;;
26/02/2023;12,75;-;;
27/02/2023;12,75;-;;
28/02/2023;12,75;130,40;;
01/03/2023;12,75;-;;
02/03/2023;12,75;-;;
03/03/2023;12,75;-;;
04/03/2023;12,75;-;;
05/03/2023;12,75;-;;
06/03/2023;12,75;-;;
07/03/2023;12,75;-;;
08/03/2023;12,75;-;;
09/03/2023;12,75;-;;
10/03/2023;12,75;-;;
11/03/2023;12,75;-;;
12/03/2023;12,75;-;;
13/03/2023;12,75;-;;
14/03/2023;12,75;-;;
15/03/2023;12,75;-;;
16/03/2023;12,75;-;;
17/03/2023;12,75;-;;
18/03/2023;12,75;-;;
19/03/2023;12,75;-;;
20/03/2023;12,75;-;;
21/03/2023;12,75;-;;
22/03/2023;12,75;-;;
23/03/2023;12,75;-;;
24/03/2023;12,75;-;;
25/03/2023;12,75;-;;
26/03/2023;12,75;-;;
27/03/2023;12,75;-;;
28/03/2023;12,75;-;;
29/03/2023;12,75;-;;
30/03/2023;12,75;-;;
31/03/2023;13,00;131,77;;
01/04/2023;13,00;-;;
02/04/2023;13,00;-;;
03/04/2023;13,00;-;;
04/04/2023;13,00;-;;
05/04/2023;13,00;-;;
06/04/2023;13,00;-;;
07/04/2023;13,00;-;;
08/04/2023;13,00;-;;
09/04/2023;13,00;-;;
10/04/2023;13,00;-;;
11/04/2023;13,00;-;;
12/04/2023;13,00;-;;
13/04/2023;13,00;-;;
14/04/2023;13,00;-;;
15/04/2023;13,00;-;;
16/04/2023;13,00;-;;
17/04/2023;13,00;-;;
18/04/2023;13,00;-;;
19/04/2023;13,00;-;;
20/04/2023;13,00;-;;
21/04/2023;13,00;-;;
22/04/2023;13,00;-;;
23/04/2023;13,00;-;;
24/04/2023;13,00;-;;
25/04/2023;13,00;-;;
26/04/2023;13,00;-;;
27/04/2023;13,00;-;;
28/04/2023;13,00;-;;
29/04/2023;13,00;-;;
30/04/2023;13,00;132,80;;
01/05/2023;13,00;-;;
02/05/2023;13,25;-;;
03/05/2023;13,25;-;;
04/05/2023;13,25;-;;
05/05/2023;13,25;-;;
06/05/2023;13,25;-;;
07/05/2023;13,25;-;;
08/05/2023;13,25;-;;
09/05/2023;13,25;-;;
10/05/2023;13,25;-;;
11/05/2023;13,25;-;;
12/05/2023;13,25;-;;
13/05/2023;13,25;-;;
14/05/2023;13,25;-;;
15/05/2023;13,25;-;;
16/05/2023;13,25;-;;
17/05/2023;13,25;-;;
18/05/2023;13,25;-;;
19/05/2023;13,25;-;;
20/05/2023;13,25;-;;
21/05/2023;13,25;-;;
22/05/2023;13,25;-;;
23/05/2023;13,25;-;;
24/05/2023;13,25;-;;
25/05/2023;13,25;-;;
26/05/2023;13,25;-;;
27/05/2023;13,25;-;;
28/05/2023;13,25;-;;
29/05/2023;13,25;-;;
30/05/2023;13,25;-;;
31/05/2023;13,25;133,38;;
01/06/2023;13,25;-;;
02/06/2023;13,25;-;;
03/06/2023;13,25;-;;
04/06/2023;13,25;-;;
05/06/2023;13,25;-;;
06/06/2023;13,25;-;;
07/06/2023;13,25;-;;
08/06/2023;13,25;-;;
09/06/2023;13,25;-;;
10/06/2023;13,25;-;;
11/06/2023;13,25;-;;
12/06/2023;13,25;-;;
13/06/2023;13,25;-;;
14/06/2023;13,25;-;;
15/06/2023;13,25;-;;
16/06/2023;13,25;-;;
17/06/2023;13,25;-;;
18/06/2023;13,25;-;;
19/06/2023;13,25;-;;
20/06/2023;13,25;-;;
21/06/2023;13,25;-;;
22/06/2023;13,25;-;;
23/06/2023;13,25;-;;
24/06/2023;13,25;-;;
25/06/2023;13,25;-;;
26/06/2023;13,25;-;;
27/06/2023;13,25;-;;
28/06/2023;13,25;-;;
29/06/2023;13,25;-;;
30/06/2023;13,25;133,78;;
01/07/2023;13,25;-;;
02/07/2023;13,25;-;;
03/07/2023;13,25;-;;
04/07/2023;13,25;-;;
05/07/2023;13,25;-;;
06/07/2023;13,25;-;;
07/07/2023;13,25;-;;
08/07/2023;13,25;-;;
09/07/2023;13,25;-;;
10/07/2023;13,25;-;;
11/07/2023;13,25;-;;
12/07/2023;13,25;-;;
13/07/2023;13,25;-;;
14/07/2023;13,25;-;;
15/07/2023;13,25;-;;
16/07/2023;13,25;-;;
17/07/2023;13,25;-;;
18/07/2023;13,25;-;;
19/07/2023;13,25;-;;
20/07/2023;13,25;-;;
21/07/2023;13,25;-;;
22/07/2023;13,25;-;;
23/07/2023;13,25;-;;
24/07/2023;13,25;-;;
25/07/2023;13,25;-;;
26/07/2023;13,25;-;;
27/07/2023;13,25;-;;
28/07/2023;13,25;-;;
29/07/2023;13,25;-;;
30/07/2023;13,25;-;;
31/07/2023;13,25;134,45;;
01/08/2023;13,25;-;;
02/08/2023;13,25;-;;
03/08/2023;13,25;-;;
04/08/2023;13,25;-;;
05/08/2023;13,25;-;;
06/08/2023;13,25;-;;
07/08/2023;13,25;-;;
08/08/2023;13,25;-;;
09/08/2023;13,25;-;;
10/08/2023;13,25;-;;
11/08/2023;13,25;-;;
12/08/2023;13,25;-;;
13/08/2023;13,25;-;;
14/08/2023;13,25;-;;
15/08/2023;13,25;-;;
16/08/2023;13,25;-;;
17/08/2023;13,25;-;;
18/08/2023;13,25;-;;
19/08/2023;13,25;-;;
20/08/2023;13,25;-;;
21/08/2023;13,25;-;;
22/08/2023;13,25;-;;
23/08/2023;13,25;-;;
24/08/2023;13,25;-;;
25/08/2023;13,25;-;;
26/08/2023;13,25;-;;
27/08/2023;13,25;-;;
28/08/2023;13,25;-;;
29/08/2023;13,25;-;;
30/08/2023;13,25;-;;
31/08/2023;13,25;135,39;;
01/09/2023;13,25;-;;
02/09/2023;13,25;-;;
03/09/2023;13,25;-;;
04/09/2023;13,25;-;;
05/09/2023;13,25;-;;
06/09/2023;13,25;-;;
07/09/2023;13,25;-;;
08/09/2023;13,25;-;;
09/09/2023;13,25;-;;
10/09/2023;13,25;-;;
11/09/2023;13,25;-;;
12/09/2023;13,25;-;;
13/09/2023;13,25;-;;
14/09/2023;13,25;-;;
15/09/2023;13,25;-;;
16/09/2023;13,25;-;;
17/09/2023;13,25;-;;
18/09/2023;13,25;-;;
19/09/2023;13,25;-;;
20/09/2023;13,25;-;;
21/09/2023;13,25;-;;
22/09/2023;13,25;-;;
23/09/2023;13,25;-;;
24/09/2023;13,25;-;;
25/09/2023;13,25;-;;
26/09/2023;13,25;-;;
27/09/2023;13,25;-;;
28/09/2023;13,25;-;;
29/09/2023;13,25;-;;
30/09/2023;13,25;136,11;;
01/10/2023;13,25;-;;
02/10/2023;13,25;-;;
03/10/2023;13,25;-;;
04/10/2023;13,25;-;;
05/10/2023;13,25;-;;
06/10/2023;13,25;-;;
07/10/2023;13,25;-;;
08/10/2023;13,25;-;;
09/10/2023;13,25;-;;
10/10/2023;13,25;-;;
11/10/2023;13,25;-;;
12/10/2023;13,25;-;;
13/10/2023;13,25;-;;
14/10/2023;13,25;-;;
15/10/2023;13,25;-;;
16/10/2023;13,25;-;;
17/10/2023;13,25;-;;
18/10/2023;13,25;-;;
19/10/2023;13,25;-;;
20/10/2023;13,25;-;;
21/10/2023;13,25;-;;
22/10/2023;13,25;-;;
23/10/2023;13,25;-;;
24/10/2023;13,25;-;;
25/10/2023;13,25;-;;
26/10/2023;13,25;-;;
27/10/2023;13,25;-;;
28/10/2023;13,25;-;;
29/10/2023;13,25;-;;
30/10/2023;13,25;-;;
31/10/2023;13,25;136,45;;
01/11/2023;13,25;-;;
02/11/2023;13,25;-;;
03/11/2023;13,25;-;;
04/11/2023;13,25;-;;
05/11/2023;13,25;-;;
06/11/2023;13,25;-;;
07/11/2023;13,25;-;;
08/11/2023;13,25;-;;
09/11/2023;13,25;-;;
10/11/2023;13,25;-;;
11/11/2023;13,25;-;;
12/11/2023;13,25;-;;
13/11/2023;13,25;-;;
14/11/2023;13,25;-;;
15/11/2023;13,25;-;;
16/11/2023;13,25;-;;
17/11/2023;13,25;-;;
18/11/2023;13,25;-;;
19/11/2023;13,25;-;;
20/11/2023;13,25;-;;
21/11/2023;13,25;-;;
22/11/2023;13,25;-;;
23/11/2023;13,25;-;;
24/11/2023;13,25;-;;
25/11/2023;13,25;-;;
26/11/2023;13,25;-;;
27/11/2023;13,25;-;;
28/11/2023;13,25;-;;
29/11/2023;13,25;-;;
30/11/2023;13,25;137,09;;
01/12/2023;13,25;-;;
02/12/2023;13,25;-;;
03/12/2023;13,25;-;;
04/12/2023;13,25;-;;
05/12/2023;13,25;-;;
06/12/2023;13,25;-;;
07/12/2023;13,25;-;;
08/12/2023;13,25;-;;
09/12/2023;13,25;-;;
10/12/2023;13,25;-;;
11/12/2023;13,25;-;;
12/12/2023;13,25;-;;
13/12/2023;13,25;-;;
14/12/2023;13,25;-;;
15/12/2023;13,25;-;;
16/12/2023;13,25;-;;
17/12/2023;13,25;-;;
18/12/2023;13,25;-;;
19/12/2023;13,25;-;;
20/12/2023;13,00;-;;
21/12/2023;13,00;-;;
22/12/2023;13,00;-;;
23/12/2023;13,00;-;;
24/12/2023;13,00;-;;
25/12/2023;13,00;-;;
26/12/2023;13,00;-;;
27/12/2023;13,00;-;;
28/12/2023;13,00;-;;
29/12/2023;13,00;-;;
30/12/2023;13,00;-;;
31/12/2023;13,00;137,72;;
01/01/2024;13,00;-;;
02/01/2024;13,00;-;;
03/01/2024;13,00;-;;
04/01/2024;13,00;-;;
05/01/2024;13,00;-;;
06/01/2024;13,00;-;;
07/01/2024;13,00;-;;
08/01/2024;13,00;-;;
09/01/2024;13,00;-;;
10/01/2024;13,00;-;;
11/01/2024;13,00;-;;
12/01/2024;13,00;-;;
13/01/2024;13,00;-;;
14/01/2024;13,00;-;;
15/01/2024;13,00;-;;
16/01/2024;13,00;-;;
17/01/2024;13,00;-;;
18/01/2024;13,00;-;;
19/01/2024;13,00;-;;
20/01/2024;13,00;-;;
21/01/2024;13,00;-;;
22/01/2024;13,00;-;;
23/01/2024;13,00;-;;
24/01/2024;13,00;-;;
25/01/2024;13,00;-;;
26/01/2024;13,00;-;;
27/01/2024;13,00;-;;
28/01/2024;13,00;-;;
29/01/2024;13,00;-;;
30/01/2024;13,00;-;;
31/01/2024;13,00;138,98;;
01/02/2024;12,75;-;;
02/02/2024;12,75;-;;
03/02/2024;12,75;-;;
04/02/2024;12,75;-;;
05/02/2024;12,75;-;;
06/02/2024;12,75;-;;
07/02/2024;12,75;-;;
08/02/2024;12,75;-;;
09/02/2024;12,75;-;;
10/02/2024;12,75;-;;
11/02/2024;12,75;-;;
12/02/2024;12,75;-;;
13/02/2024;12,75;-;;
14/02/2024;12,75;-;;
15/02/2024;12,75;-;;
16/02/2024;12,75;-;;
17/02/2024;12,75;-;;
18/02/2024;12,75;-;;
19/02/2024;12,75;-;;
20/02/2024;12,75;-;;
21/02/2024;12,75;-;;
22/02/2024;12,75;-;;
23/02/2024;12,75;-;;
24/02/2024;12,75;-;;
25/02/2024;12,75;-;;
26/02/2024;12,75;-;;
27/02/2024;12,75;-;;
28/02/2024;12,75;-;;
29/02/2024;12,75;140,49;;
01/03/2024;12,75;-;;
02/03/2024;12,75;-;;
03/03/2024;12,75;-;;
04/03/2024;12,75;-;;
05/03/2024;12,75;-;;
06/03/2024;12,75;-;;
07/03/2024;12,75;-;;
08/03/2024;12,75;-;;
09/03/2024;12,75;-;;
10/03/2024;12,75;-;;
11/03/2024;12,75;-;;
12/03/2024;12,75;-;;
13/03/2024;12,75;-;;
14/03/2024;12,75;-;;
15/03/2024;12,75;-;;
16/03/2024;12,75;-;;
17/03/2024;12,75;-;;
18/03/2024;12,75;-;;
19/03/2024;12,75;-;;
20/03/2024;12,75;-;;
21/03/2024;12,75;-;;
22/03/2024;12,75;-;;
23/03/2024;12,75;-;;
24/03/2024;12,75;-;;
25/03/2024;12,75;-;;
26/03/2024;12,25;-;;
27/03/2024;12,25;-;;
28/03/2024;12,25;-;;
29/03/2024;12,25;-;;
30/03/2024;12,25;-;;
31/03/2024;12,25;141,48;;
01/04/2024;12,25;-;;
02/04/2024;12,25;-;;
03/04/2024;12,25;-;;
04/04/2024;12,25;-;;
05/04/2024;12,25;-;;
06/04/2024;12,25;-;;
07/04/2024;12,25;-;;
08/04/2024;12,25;-;;
09/04/2024;12,25;-;;
10/04/2024;12,25;-;;
11/04/2024;12,25;-;;
12/04/2024;12,25;-;;
13/04/2024;12,25;-;;
14/04/2024;12,25;-;;
15/04/2024;12,25;-;;
16/04/2024;12,25;-;;
17/04/2024;12,25;-;;
18/04/2024;12,25;-;;
19/04/2024;12,25;-;;
20/04/2024;12,25;-;;
21/04/2024;12,25;-;;
22/04/2024;12,25;-;;
23/04/2024;12,25;-;;
24/04/2024;12,25;-;;
25/04/2024;12,25;-;;
26/04/2024;12,25;-;;
27/04/2024;12,25;-;;
28/04/2024;12,25;-;;
29/04/2024;12,25;-;;
30/04/2024;12,25;142,32;;
01/05/2024;12,25;-;;
02/05/2024;11,75;-;;
03/05/2024;11,75;-;;
04/05/2024;11,75;-;;
05/05/2024;11,75;-;;
06/05/2024;11,75;-;;
07/05/2024;11,75;-;;
08/05/2024;11,75;-;;
09/05/2024;11,75;-;;
10/05/2024;11,75;-;;
11/05/2024;11,75;-;;
12/05/2024;11,75;-;;
13/05/2024;11,75;-;;
14/05/2024;11,75;-;;
15/05/2024;11,75;-;;
16/05/2024;11,75;-;;
17/05/2024;11,75;-;;
18/05/2024;11,75;-;;
19/05/2024;11,75;-;;
20/05/2024;11,75;-;;
21/05/2024;11,75;-;;
22/05/2024;11,75;-;;
23/05/2024;11,75;-;;
24/05/2024;11,75;-;;
25/05/2024;11,75;-;;
26/05/2024;11,75;-;;
27/05/2024;11,75;-;;
28/05/2024;11,75;-;;
29/05/2024;11,75;-;;
30/05/2024;11,75;-;;
31/05/2024;11,75;142,92;;
01/06/2024;11,75;-;;
02/06/2024;11,75;-;;
03/06/2024;11,75;-;;
04/06/2024;11,75;-;;
05/06/2024;11,75;-;;
06/06/2024;11,75;-;;
07/06/2024;11,75;-;;
08/06/2024;11,75;-;;
09/06/2024;11,75;-;;
10/06/2024;11,75;-;;
11/06/2024;11,75;-;;
12/06/2024;11,75;-;;
13/06/2024;11,75;-;;
14/06/2024;11,75;-;;
15/06/2024;11,75;-;;
16/06/2024;11,75;-;;
17/06/2024;11,75;-;;
18/06/2024;11,75;-;;
19/06/2024;11,75;-;;
20/06/2024;11,75;-;;
21/06/2024;11,75;-;;
22/06/2024;11,75;-;;
23/06/2024;11,75;-;;
24/06/2024;11,75;-;;
25/06/2024;11,75;-;;
26/06/2024;11,75;-;;
27/06/2024;11,75;-;;
28/06/2024;11,75;-;;
29/06/2024;11,75;-;;
30/06/2024;11,75;143,38;;
01/07/2024;11,75;-;;
02/07/2024;11,25;-;;
03/07/2024;11,25;-;;
04/07/2024;11,25;-;;
05/07/2024;11,25;-;;
06/07/2024;11,25;-;;
07/07/2024;11,25;-;;
08/07/2024;11,25;-;;
09/07/2024;11,25;-;;
10/07/2024;11,25;-;;
11/07/2024;11,25;-;;
12/07/2024;11,25;-;;
13/07/2024;11,25;-;;
14/07/2024;11,25;-;;
15/07/2024;11,25;-;;
16/07/2024;11,25;-;;
17/07/2024;11,25;-;;
18/07/2024;11,25;-;;
19/07/2024;11,25;-;;
20/07/2024;11,25;-;;
21/07/2024;11,25;-;;
22/07/2024;11,25;-;;
23/07/2024;11,25;-;;
24/07/2024;11,25;-;;
25/07/2024;11,25;-;;
26/07/2024;11,25;-;;
27/07/2024;11,25;-;;
28/07/2024;11,25;-;;
29/07/2024;11,25;-;;
30/07/2024;11,25;-;;
31/07/2024;11,25;143,67;;
01/08/2024;10,75;-;;
02/08/2024;10,75;-;;
03/08/2024;10,75;-;;
04/08/2024;10,75;-;;
05/08/2024;10,75;-;;
06/08/2024;10,75;-;;
07/08/2024;10,75;-;;
08/08/2024;10,75;-;;
09/08/2024;10,75;-;;
10/08/2024;10,75;-;;
11/08/2024;10,75;-;;
12/08/2024;10,75;-;;
13/08/2024;10,75;-;;
14/08/2024;10,75;-;;
15/08/2024;10,75;-;;
16/08/2024;10,75;-;;
17/08/2024;10,75;-;;
18/08/2024;10,75;-;;
19/08/2024;10,75;-;;
20/08/2024;10,75;-;;
21/08/2024;10,75;-;;
22/08/2024;10,75;-;;
23/08/2024;10,75;-;;
24/08/2024;10,75;-;;
25/08/2024;10,75;-;;
26/08/2024;10,75;-;;
27/08/2024;10,75;-;;
28/08/2024;10,75;-;;
29/08/2024;10,75;-;;
30/08/2024;10,75;-;;
31/08/2024;10,75;143,67;;
01/09/2024;10,75;-;;
02/09/2024;10,75;-;;
03/09/2024;10,75;-;;
04/09/2024;10,75;-;;
05/09/2024;10,75;-;;
06/09/2024;10,75;-;;
07/09/2024;10,75;-;;
08/09/2024;10,75;-;;
09/09/2024;10,75;-;;
10/09/2024;10,75;-;;
11/09/2024;10,75;-;;
12/09/2024;10,75;-;;
13/09/2024;10,75;-;;
14/09/2024;10,75;-;;
15/09/2024;10,75;-;;
16/09/2024;10,75;-;;
17/09/2024;10,75;-;;
18/09/2024;10,75;-;;
19/09/2024;10,75;-;;
20/09/2024;10,75;-;;
21/09/2024;10,75;-;;
22/09/2024;10,75;-;;
23/09/2024;10,75;-;;
24/09/2024;10,75;-;;
25/09/2024;10,75;-;;
26/09/2024;10,75;-;;
27/09/2024;10,75;-;;
28/09/2024;10,75;-;;
29/09/2024;10,75;-;;
30/09/2024;10,75;144,02;;
01/10/2024;10,25;-;;
02/10/2024;10,25;-;;
03/10/2024;10,25;-;;
04/10/2024;10,25;-;;
05/10/2024;10,25;-;;
06/10/2024;10,25;-;;
07/10/2024;10,25;-;;
08/10/2024;10,25;-;;
09/10/2024;10,25;-;;
10/10/2024;10,25;-;;
11/10/2024;10,25;-;;
12/10/2024;10,25;-;;
13/10/2024;10,25;-;;
14/10/2024;10,25;-;;
15/10/2024;10,25;-;;
16/10/2024;10,25;-;;
17/10/2024;10,25;-;;
18/10/2024;10,25;-;;
19/10/2024;10,25;-;;
20/10/2024;10,25;-;;
21/10/2024;10,25;-;;
22/10/2024;10,25;-;;
23/10/2024;10,25;-;;
24/10/2024;10,25;-;;
25/10/2024;10,25;-;;
26/10/2024;10,25;-;;
27/10/2024;10,25;-;;
28/10/2024;10,25;-;;
29/10/2024;10,25;-;;
30/10/2024;10,25;-;;
31/10/2024;10,25;143,83;;
01/11/2024;9,75;-;;
02/11/2024;9,75;-;;
03/11/2024;9,75;-;;
04/11/2024;9,75;-;;
05/11/2024;9,75;-;;
06/11/2024;9,75;-;;
07/11/2024;9,75;-;;
08/11/2024;9,75;-;;
09/11/2024;9,75;-;;
10/11/2024;9,75;-;;
11/11/2024;9,75;-;;
12/11/2024;9,75;-;;
13/11/2024;9,75;-;;
14/11/2024;9,75;-;;
15/11/2024;9,75;-;;
16/11/2024;9,75;-;;
17/11/2024;9,75;-;;
18/11/2024;9,75;-;;
19/11/2024;9,75;-;;
20/11/2024;9,75;-;;
21/11/2024;9,75;-;;
22/11/2024;9,75;-;;
23/11/2024;9,75;-;;
24/11/2024;9,75;-;;
25/11/2024;9,75;-;;
26/11/2024;9,75;-;;
27/11/2024;9,75;-;;
28/11/2024;9,75;-;;
29/11/2024;9,75;-;;
30/11/2024;9,75;144,22;;
01/12/2024;9,75;-;;
02/12/2024;9,75;-;;
03/12/2024;9,75;-;;
04/12/2024;9,75;-;;
05/12/2024;9,75;-;;
06/12/2024;9,75;-;;
07/12/2024;9,75;-;;
08/12/2024;9,75;-;;
09/12/2024;9,75;-;;
10/12/2024;9,75;-;;
11/12/2024;9,75;-;;
12/12/2024;9,75;-;;
13/12/2024;9,75;-;;
14/12/2024;9,75;-;;
15/12/2024;9,75;-;;
16/12/2024;9,75;-;;
17/12/2024;9,75;-;;
18/12/2024;9,75;-;;
19/12/2024;9,75;-;;
20/12/2024;9,75;-;;
21/12/2024;9,75;-;;
22/12/2024;9,75;-;;
23/12/2024;9,50;-;;
24/12/2024;9,50;-;;
25/12/2024;9,50;-;;
26/12/2024;9,50;-;;
27/12/2024;9,50;-;;
28/12/2024;9,50;-;;
29/12/2024;9,50;-;;
30/12/2024;9,50;-;;
31/12/2024;9,50;144,88;;
01/01/2025;9,50;-;;
02/01/2025;9,50;-;;
03/01/2025;9,50;-;;
04/01/2025;9,50;-;;
05/01/2025;9,50;-;;
06/01/2025;9,50;-;;
07/01/2025;9,50;-;;
08/01/2025;9,50;-;;
09/01/2025;9,50;-;;
10/01/2025;9,50;-;;
11/01/2025;9,50;-;;
12/01/2025;9,50;-;;
13/01/2025;9,50;-;;
14/01/2025;9,50;-;;
15/01/2025;9,50;-;;
16/01/2025;9,50;-;;
17/01/2025;9,50;-;;
18/01/2025;9,50;-;;
19/01/2025;9,50;-;;
20/01/2025;9,50;-;;
21/01/2025;9,50;-;;
22/01/2025;9,50;-;;
23/01/2025;9,50;-;;
24/01/2025;9,50;-;;
25/01/2025;9,50;-;;
26/01/2025;9,50;-;;
27/01/2025;9,50;-;;
28/01/2025;9,50;-;;
29/01/2025;9,50;-;;
30/01/2025;9,50;-;;
31/01/2025;9,50;146,24;;
01/02/2025;9,50;-;;
02/02/2025;9,50;-;;
03/02/2025;9,50;-;;
04/02/2025;9,50;-;;
05/02/2025;9,50;-;;
06/02/2025;9,50;-;;
07/02/2025;9,50;-;;
08/02/2025;9,50;-;;
09/02/2025;9,50;-;;
10/02/2025;9,50;-;;
11/02/2025;9,50;-;;
12/02/2025;9,50;-;;
13/02/2025;9,50;-;;
14/02/2025;9,50;-;;
15/02/2025;9,50;-;;
16/02/2025;9,50;-;;
17/02/2025;9,50;-;;
18/02/2025;9,50;-;;
19/02/2025;9,50;-;;
20/02/2025;9,50;-;;
21/02/2025;9,50;-;;
22/02/2025;9,50;-;;
23/02/2025;9,50;-;;
24/02/2025;9,50;-;;
25/02/2025;9,50;-;;
26/02/2025;9,50;-;;
27/02/2025;9,50;-;;
28/02/2025;9,50;147,90;;
01/03/2025;9,50;-;;
02/03/2025;9,50;-;;
03/03/2025;9,50;-;;
04/03/2025;9,50;-;;
05/03/2025;9,50;-;;
06/03/2025;9,50;-;;
07/03/2025;9,50;-;;
08/03/2025;9,50;-;;
09/03/2025;9,50;-;;
10/03/2025;9,50;-;;
11/03/2025;9,50;-;;
12/03/2025;9,50;-;;
13/03/2025;9,50;-;;
14/03/2025;9,50;-;;
15/03/2025;9,50;-;;
16/03/2025;9,50;-;;
17/03/2025;9,50;-;;
18/03/2025;9,50;-;;
19/03/2025;9,50;-;;
20/03/2025;9,50;-;;
21/03/2025;9,50;-;;
22/03/2025;9,50;-;;
23/03/2025;9,50;-;;
24/03/2025;9,50;-;;
25/03/2025;9,50;-;;
26/03/2025;9,50;-;;
27/03/2025;9,50;-;;
28/03/2025;9,50;-;;
29/03/2025;9,50;-;;
30/03/2025;9,50;-;;
31/03/2025;9,50;148,68;;
01/04/2025;9,50;-;;
02/04/2025;9,50;-;;
03/04/2025;9,50;-;;
04/04/2025;9,50;-;;
05/04/2025;9,50;-;;
06/04/2025;9,50;-;;
07/04/2025;9,50;-;;
08/04/2025;9,50;-;;
09/04/2025;9,50;-;;
10/04/2025;9,50;-;;
11/04/2025;9,50;-;;
12/04/2025;9,50;-;;
13/04/2025;9,50;-;;
14/04/2025;9,50;-;;
15/04/2025;9,50;-;;
16/04/2025;9,50;-;;
17/04/2025;9,50;-;;
18/04/2025;9,50;-;;
19/04/2025;9,50;-;;
20/04/2025;9,50;-;;
21/04/2025;9,50;-;;
22/04/2025;9,50;-;;
23/04/2025;9,50;-;;
24/04/2025;9,50;-;;
25/04/2025;9,50;-;;
26/04/2025;9,50;-;;
27/04/2025;9,50;-;;
28/04/2025;9,50;-;;
29/04/2025;9,50;-;;
30/04/2025;9,50;149,66;;
01/05/2025;9,50;-;;
02/05/2025;9,25;-;;
03/05/2025;9,25;-;;
04/05/2025;9,25;-;;
05/05/2025;9,25;-;;
06/05/2025;9,25;-;;
07/05/2025;9,25;-;;
08/05/2025;9,25;-;;
09/05/2025;9,25;-;;
10/05/2025;9,25;-;;
11/05/2025;9,25;-;;
12/05/2025;9,25;-;;
13/05/2025;9,25;-;;
14/05/2025;9,25;-;;
15/05/2025;9,25;-;;
16/05/2025;9,25;-;;
17/05/2025;9,25;-;;
18/05/2025;9,25;-;;
19/05/2025;9,25;-;;
20/05/2025;9,25;-;;
21/05/2025;9,25;-;;
22/05/2025;9,25;-;;
23/05/2025;9,25;-;;
24/05/2025;9,25;-;;
25/05/2025;9,25;-;;
26/05/2025;9,25;-;;
27/05/2025;9,25;-;;
28/05/2025;9,25;-;;
29/05/2025;9,25;-;;
30/05/2025;9,25;-;;
31/05/2025;9,25;150,14;;
01/06/2025;9,25;-;;
02/06/2025;9,25;-;;
03/06/2025;9,25;-;;
04/06/2025;9,25;-;;
05/06/2025;9,25;-;;
06/06/2025;9,25;-;;
07/06/2025;9,25;-;;
08/06/2025;9,25;-;;
09/06/2025;9,25;-;;
10/06/2025;9,25;-;;
11/06/2025;9,25;-;;
12/06/2025;9,25;-;;
13/06/2025;9,25;-;;
14/06/2025;9,25;-;;
15/06/2025;9,25;-;;
16/06/2025;9,25;-;;
17/06/2025;9,25;-;;
18/06/2025;9,25;-;;
19/06/2025;9,25;-;;
20/06/2025;9,25;-;;
21/06/2025;9,25;-;;
22/06/2025;9,25;-;;
23/06/2025;9,25;-;;
24/06/2025;9,25;-;;
25/06/2025;9,25;-;;
26/06/2025;9,25;-;;
27/06/2025;9,25;-;;
28/06/2025;9,25;-;;
29/06/2025;9,25;-;;
30/06/2025;9,25;150,30;;
01/07/2025;9,25;-;;
03/07/2025;9,25;-;;
04/07/2025;9,25;-;;
05/07/2025;9,25;-;;
06/07/2025;9,25;-;;
07/07/2025;9,25;-;;
08/07/2025;9,25;-;;
09/07/2025;9,25;-;;
10/07/2025;9,25;-;;
11/07/2025;9,25;-;;
12/07/2025;9,25;-;;
13/07/2025;9,25;-;;
14/07/2025;9,25;-;;
15/07/2025;9,25;-;;
16/07/2025;9,25;-;;
17/07/2025;9,25;-;;
18/07/2025;9,25;-;;
19/07/2025;9,25;-;;
20/07/2025;9,25;-;;
21/07/2025;9,25;-;;
22/07/2025;9,25;-;;
23/07/2025;9,25;-;;
24/07/2025;9,25;-;;
25/07/2025;9,25;-;;
26/07/2025;9,25;-;;
27/07/2025;9,25;-;;
28/07/2025;9,25;-;;
29/07/2025;9,25;-;;
30/07/2025;9,25;-;;
31/07/2025;9,25;150,71;;
01/08/2025;9,25;-;;
02/08/2025;9,25;-;;
03/08/2025;9,25;-;;
04/08/2025;9,25;-;;
05/08/2025;9,25;-;;
06/08/2025;9,25;-;;
07/08/2025;9,25;-;;
08/08/2025;9,25;-;;
09/08/2025;9,25;-;;
10/08/2025;9,25;-;;
11/08/2025;9,25;-;;
12/08/2025;9,25;-;;
13/08/2025;9,25;-;;
14/08/2025;9,25;-;;
15/08/2025;9,25;-;;
16/08/2025;9,25;-;;
17/08/2025;9,25;-;;
18/08/2025;9,25;-;;
19/08/2025;9,25;-;;
20/08/2025;9,25;-;;
21/08/2025;9,25;-;;
22/08/2025;9,25;-;;
23/08/2025;9,25;-;;
24/08/2025;9,25;-;;
25/08/2025;9,25;-;;
26/08/2025;9,25;-;;
27/08/2025;9,25;-;;
28/08/2025;9,25;-;;
29/08/2025;9,25;-;;
30/08/2025;9,25;-;;
31/08/2025;9,25;150,99;;
01/09/2025;9,25;-;;
02/09/2025;9,25;-;;
03/09/2025;9,25;-;;
04/09/2025;9,25;-;;
05/09/2025;9,25;-;;
06/09/2025;9,25;-;;
07/09/2025;9,25;-;;
08/09/2025;9,25;-;;
09/09/2025;9,25;-;;
10/09/2025;9,25;-;;
11/09/2025;9,25;-;;
12/09/2025;9,25;-;;
13/09/2025;9,25;-;;
14/09/2025;9,25;-;;
15/09/2025;9,25;-;;
16/09/2025;9,25;-;;
17/09/2025;9,25;-;;
18/09/2025;9,25;-;;
19/09/2025;9,25;-;;
20/09/2025;9,25;-;;
21/09/2025;9,25;-;;
22/09/2025;9,25;-;;
23/09/2025;9,25;-;;
24/09/2025;9,25;-;;
25/09/2025;9,25;-;;
26/09/2025;9,25;-;;
27/09/2025;9,25;-;;
28/09/2025;9,25;-;;
29/09/2025;9,25;-;;
30/09/2025;9,25;151,48;;
01/10/2025;9,25;-;;
02/10/2025;9,25;-;;
03/10/2025;9,25;-;;
04/10/2025;9,25;-;;
05/10/2025;9,25;-;;
06/10/2025;9,25;-;;
07/10/2025;9,25;-;;
08/10/2025;9,25;-;;
09/10/2025;9,25;-;;
10/10/2025;9,25;-;;
11/10/2025;9,25;-;;
12/10/2025;9,25;-;;
13/10/2025;9,25;-;;
14/10/2025;9,25;-;;
15/10/2025;9,25;-;;
16/10/2025;9,25;-;;
17/10/2025;9,25;-;;
18/10/2025;9,25;-;;
19/10/2025;9,25;-;;
20/10/2025;9,25;-;;
21/10/2025;9,25;-;;
22/10/2025;9,25;-;;
23/10/2025;9,25;-;;
24/10/2025;9,25;-;;
25/10/2025;9,25;-;;
26/10/2025;9,25;-;;
27/10/2025;9,25;-;;
28/10/2025;9,25;-;;
29/10/2025;9,25;-;;
30/10/2025;9,25;-;;
31/10/2025;9,25;151,76;;
01/11/2025;9,25;-;;
02/11/2025;9,25;-;;
03/11/2025;9,25;-;;
04/11/2025;9,25;-;;
05/11/2025;9,25;-;;
06/11/2025;9,25;-;;
07/11/2025;9,25;-;;
08/11/2025;9,25;-;;
09/11/2025;9,25;-;;
10/11/2025;9,25;-;;
11/11/2025;9,25;-;;
12/11/2025;9,25;-;;
13/11/2025;9,25;-;;
14/11/2025;9,25;-;;
15/11/2025;9,25;-;;
16/11/2025;9,25;-;;
17/11/2025;9,25;-;;
18/11/2025;9,25;-;;
19/11/2025;9,25;-;;
20/11/2025;9,25;-;;
21/11/2025;9,25;-;;
22/11/2025;9,25;-;;
23/11/2025;9,25;-;;
24/11/2025;9,25;-;;
25/11/2025;9,25;-;;
26/11/2025;9,25;-;;
27/11/2025;9,25;-;;
28/11/2025;9,25;-;;
29/11/2025;9,25;-;;
30/11/2025;9,25;151,87;;
01/12/2025;9,25;-;;
02/12/2025;9,25;-;;
03/12/2025;9,25;-;;
04/12/2025;9,25;-;;
05/12/2025;9,25;-;;
06/12/2025;9,25;-;;
07/12/2025;9,25;-;;
08/12/2025;9,25;-;;
09/12/2025;9,25;-;;
10/12/2025;9,25;-;;
11/12/2025;9,25;-;;
12/12/2025;9,25;-;;
13/12/2025;9,25;-;;
14/12/2025;9,25;-;;
15/12/2025;9,25;-;;
16/12/2025;9,25;-;;
17/12/2025;9,25;-;;
18/12/2025;9,25;-;;
19/12/2025;9,25;-;;
20/12/2025;9,25;-;;
21/12/2025;9,25;-;;
22/12/2025;9,25;-;;
23/12/2025;9,25;-;;
24/12/2025;9,25;-;;
25/12/2025;9,25;-;;
26/12/2025;9,25;-;;
27/12/2025;9,25;-;;
28/12/2025;9,25;-;;
29/12/2025;9,25;-;;
30/12/2025;9,25;-;;
31/12/2025;9,25;152,27;;
01/01/2026;9,25;-;;
02/01/2026;9,25;-;;
03/01/2026;9,25;-;;
04/01/2026;9,25;-;;
05/01/2026;9,25;-;;
06/01/2026;9,25;-;;
07/01/2026;9,25;-;;
08/01/2026;9,25;-;;
09/01/2026;9,25;-;;
10/01/2026;9,25;-;;
11/01/2026;9,25;-;;
12/01/2026;9,25;-;;
13/01/2026;9,25;-;;
14/01/2026;9,25;-;;
15/01/2026;9,25;-;;
16/01/2026;9,25;-;;
17/01/2026;9,25;-;;
18/01/2026;9,25;-;;
19/01/2026;9,25;-;;
20/01/2026;9,25;-;;
21/01/2026;9,25;-;;
22/01/2026;9,25;-;;
23/01/2026;9,25;-;;
24/01/2026;9,25;-;;
25/01/2026;9,25;-;;
26/01/2026;9,25;-;;
27/01/2026;9,25;-;;
28/01/2026;9,25;-;;
29/01/2026;9,25;-;;
30/01/2026;9,25;-;;
31/01/2026;9,25;154,07;;
01/02/2026;9,25;-;;
02/02/2026;10,25;-;;
03/02/2026;10,25;-;;
04/02/2026;10,25;-;;
05/02/2026;10,25;-;;
06/02/2026;10,25;-;;
07/02/2026;10,25;-;;
08/02/2026;10,25;-;;
09/02/2026;10,25;-;;
10/02/2026;10,25;-;;
11/02/2026;10,25;-;;
12/02/2026;10,25;-;;
13/02/2026;10,25;-;;
14/02/2026;10,25;-;;
15/02/2026;10,25;-;;
16/02/2026;10,25;-;;
17/02/2026;10,25;-;;
18/02/2026;10,25;-;;
19/02/2026;10,25;-;;
20/02/2026;10,25;-;;
21/02/2026;10,25;-;;
22/02/2026;10,25;-;;
23/02/2026;10,25;-;;
24/02/2026;10,25;-;;
25/02/2026;10,25;-;;
26/02/2026;10,25;-;;
27/02/2026;10,25;-;;
28/02/2026;10,25;155,73;;
01/03/2026;10,25;-;;
02/03/2026;10,25;-;;
03/03/2026;10,25;-;;
04/03/2026;10,25;-;;
05/03/2026;10,25;-;;
06/03/2026;10,25;-;;
07/03/2026;10,25;-;;
08/03/2026;10,25;-;;
09/03/2026;10,25;-;;
10/03/2026;10,25;-;;
11/03/2026;10,25;-;;
12/03/2026;10,25;-;;
13/03/2026;10,25;-;;
14/03/2026;10,25;-;;
15/03/2026;10,25;-;;
16/03/2026;10,25;-;;
17/03/2026;10,25;-;;
18/03/2026;10,25;-;;
19/03/2026;10,25;-;;
20/03/2026;10,25;-;;
21/03/2026;10,25;-;;
22/03/2026;10,25;-;;
23/03/2026;10,25;-;;
24/03/2026;10,25;-;;
25/03/2026;10,25;-;;
26/03/2026;10,25;-;;
27/03/2026;10,25;-;;
28/03/2026;10,25;-;;
29/03/2026;10,25;-;;
30/03/2026;10,25;-;;
31/03/2026;10,25;156,94;;
01/04/2026;11,25;-;;
02/04/2026;11,25;-;;
03/04/2026;11,25;-;;
04/04/2026;11,25;-;;
05/04/2026;11,25;-;;
06/04/2026;11,25;-;;
07/04/2026;11,25;-;;
08/04/2026;11,25;-;;
09/04/2026;11,25;-;;
10/04/2026;11,25;-;;
11/04/2026;11,25;-;;
12/04/2026;11,25;-;;
13/04/2026;11,25;-;;
14/04/2026;11,25;-;;
15/04/2026;11,25;-;;
16/04/2026;11,25;-;;
17/04/2026;11,25;-;;
18/04/2026;11,25;-;;
19/04/2026;11,25;-;;
20/04/2026;11,25;-;;
21/04/2026;11,25;-;;
22/04/2026;11,25;-;;
23/04/2026;11,25;-;;
24/04/2026;11,25;-;;
25/04/2026;11,25;-;;
26/04/2026;11,25;-;;
27/04/2026;11,25;-;;
28/04/2026;11,25;-;;
29/04/2026;11,25;-;;
30/04/2026;11,25;158,17;;
01/05/2026;11,25;-;;
02/05/2026;11,25;-;;
03/05/2026;11,25;-;;
04/05/2026;11,25;-;;
05/05/2026;11,25;-;;
06/05/2026;11,25;-;;
07/05/2026;11,25;-;;
08/05/2026;11,25;-;;
09/05/2026;11,25;-;;
10/05/2026;11,25;-;;
11/05/2026;11,25;-;;
12/05/2026;11,25;-;;
13/05/2026;11,25;-;;
14/05/2026;11,25;-;;
15/05/2026;11,25;-;;
16/05/2026;11,25;-;;
17/05/2026;11,25;-;;
18/05/2026;11,25;-;;
19/05/2026;11,25;-;;
20/05/2026;11,25;-;;
21/05/2026;11,25;-;;
22/05/2026;11,25;-;;
23/05/2026;11,25;-;;
24/05/2026;11,25;-;;
25/05/2026;11,25;-;;
26/05/2026;11,25;-;;
27/05/2026;11,25;-;;
28/05/2026;11,25;-;;
29/05/2026;11,25;-;;
30/05/2026;11,25;-;;
31/05/2026;11,25;158,91;;
01/06/2026;11,25;-;;
02/06/2026;11,25;-;;
03/06/2026;11,25;-;;
04/06/2026;11,25;-;;
05/06/2026;11,25;-;;
06/06/2026;11,25;-;;
07/06/2026;11,25;-;;
08/06/2026;11,25;-;;
09/06/2026;11,25;-;;
10/06/2026;11,25;-;;
11/06/2026;11,25;-;;
12/06/2026;11,25;-;;
13/06/2026;11,25;-;;
14/06/2026;11,25;-;;
15/06/2026;11,25;-;;
16/06/2026;11,25;-;;
17/06/2026;11,25;-;;
18/06/2026;11,25;-;;
19/06/2026;11,25;-;;
20/06/2026;11,25;-;;
21/06/2026;11,25;-;;
22/06/2026;11,25;-;;
23/06/2026;11,25;-;;
24/06/2026;11,25;-;;
25/06/2026;11,25;-;;
26/06/2026;11,25;-;;
27/06/2026;11,25;-;;
28/06/2026;11,25;-;;
29/06/2026;11,25;-;;
30/06/2026;11,25;159,53;;
01/07/2026;12,00;-;;
02/07/2026;12,00;-;;
03/07/2026;12,00;-;;
04/07/2026;12,00;-;;
05/07/2026;12,00;-;;
06/07/2026;12,00;-;;
07/07/2026;12,00;-;;
08/07/2026;12,00;-;;
09/07/2026;12,00;-;;
10/07/2026;12,00;-;;
11/07/2026;12,00;-;;
12/07/2026;12,00;-;;
13/07/2026;12,00;-;;
14/07/2026;12,00;-;;
15/07/2026;12,00;-;;
16/07/2026;12,00;-;;
17/07/2026;12,00;-;;
18/07/2026;12,00;-;;
19/07/2026;12,00;-;;
20/07/2026;12,00;-;;
21/07/2026;12,00;-;;
22/07/2026;12,00;-;;
23/07/2026;12,00;-;;
24/07/2026;12,00;-;;
25/07/2026;12,00;-;;
26/07/2026;12,00;-;;
;;;;
;;;;
Descargado de sistema del Banco de la República viernes, 24 de julio de 2026 9:55:45 a.m.;;;;